-- MySQL dump 10.17  Distrib 10.3.17-MariaDB, for Linux (x86_64)
--
-- Host: localhost    Database: pytms
-- ------------------------------------------------------
-- Server version	10.3.17-MariaDB

/*!40101 SET @OLD_CHARACTER_SET_CLIENT=@@CHARACTER_SET_CLIENT */;
/*!40101 SET @OLD_CHARACTER_SET_RESULTS=@@CHARACTER_SET_RESULTS */;
/*!40101 SET @OLD_COLLATION_CONNECTION=@@COLLATION_CONNECTION */;
/*!40101 SET NAMES utf8mb4 */;
/*!40103 SET @OLD_TIME_ZONE=@@TIME_ZONE */;
/*!40103 SET TIME_ZONE='+00:00' */;
/*!40014 SET @OLD_UNIQUE_CHECKS=@@UNIQUE_CHECKS, UNIQUE_CHECKS=0 */;
/*!40014 SET @OLD_FOREIGN_KEY_CHECKS=@@FOREIGN_KEY_CHECKS, FOREIGN_KEY_CHECKS=0 */;
/*!40101 SET @OLD_SQL_MODE=@@SQL_MODE, SQL_MODE='NO_AUTO_VALUE_ON_ZERO' */;
/*!40111 SET @OLD_SQL_NOTES=@@SQL_NOTES, SQL_NOTES=0 */;

--
-- Table structure for table `genre`
--

DROP TABLE IF EXISTS `genre`;
/*!40101 SET @saved_cs_client     = @@character_set_client */;
/*!40101 SET character_set_client = utf8 */;
CREATE TABLE `genre` (
  `id` int(11) NOT NULL AUTO_INCREMENT,
  `title` varchar(100) DEFAULT NULL,
  PRIMARY KEY (`id`)
) ENGINE=InnoDB AUTO_INCREMENT=32 DEFAULT CHARSET=latin1;
/*!40101 SET character_set_client = @saved_cs_client */;

--
-- Dumping data for table `genre`
--

LOCK TABLES `genre` WRITE;
/*!40000 ALTER TABLE `genre` DISABLE KEYS */;
INSERT INTO `genre` VALUES (1,'Historical drama'),(2,'Biography'),(3,'Adventure'),(4,'War'),(5,'Action'),(6,'Romantic comedy'),(7,'Thriller'),(8,'Comedy drama'),(9,'Science fiction'),(10,'Musical comedy'),(11,'Comedy'),(12,'Fantasy'),(13,'Children'),(14,'Mystery'),(15,'Romance'),(16,'Horror'),(17,'Documentary'),(18,'Music'),(19,'Reggae'),(20,'Ska'),(21,'Rock'),(22,'Folk'),(23,'Animated'),(24,'Drama'),(25,'Dark comedy'),(26,'Musical'),(27,'Western'),(28,'Crime drama'),(29,'Holiday'),(30,'Martial arts'),(31,'Pop');
/*!40000 ALTER TABLE `genre` ENABLE KEYS */;
UNLOCK TABLES;

--
-- Table structure for table `theatre`
--

DROP TABLE IF EXISTS `theatre`;
/*!40101 SET @saved_cs_client     = @@character_set_client */;
/*!40101 SET character_set_client = utf8 */;
CREATE TABLE `theatre` (
  `id` int(11) NOT NULL AUTO_INCREMENT,
  `name` varchar(100) DEFAULT NULL,
  PRIMARY KEY (`id`)
) ENGINE=InnoDB AUTO_INCREMENT=3 DEFAULT CHARSET=latin1;
/*!40101 SET character_set_client = @saved_cs_client */;

--
-- Dumping data for table `theatre`
--

LOCK TABLES `theatre` WRITE;
/*!40000 ALTER TABLE `theatre` DISABLE KEYS */;
INSERT INTO `theatre` VALUES (1,'AMC Barton Creek Square 14'),(2,'Regal Westgate Stadium 11');
/*!40000 ALTER TABLE `theatre` ENABLE KEYS */;
UNLOCK TABLES;

--
-- Table structure for table `theatre_movie`
--

DROP TABLE IF EXISTS `theatre_movie`;
/*!40101 SET @saved_cs_client     = @@character_set_client */;
/*!40101 SET character_set_client = utf8 */;
CREATE TABLE `theatre_movie` (
  `id` int(11) NOT NULL AUTO_INCREMENT,
  `title` varchar(100) DEFAULT NULL,
  `release_year` int(11) DEFAULT NULL,
  `description` text DEFAULT NULL,
  PRIMARY KEY (`id`)
) ENGINE=InnoDB AUTO_INCREMENT=15 DEFAULT CHARSET=latin1;
/*!40101 SET character_set_client = @saved_cs_client */;

--
-- Dumping data for table `theatre_movie`
--

LOCK TABLES `theatre_movie` WRITE;
/*!40000 ALTER TABLE `theatre_movie` DISABLE KEYS */;
INSERT INTO `theatre_movie` VALUES (1,'Synchronic',2019,'When New Orleans paramedics and longtime best friends Steve and Dennis are called to a series of bizarre and gruesome accidents, they chalk it up to a mysterious new drug found at the scene. But after Dennis\' oldest daughter disappears, Steve stumbles upon a terrifying truth about the supposed psychedelic that will challenge everything he knows about reality -- and the flow of time itself.'),(2,'Honest Thief',2020,'Hoping to cut a deal, a professional bank robber agrees to return all the money he stole in exchange for a reduced sentence. But when two FBI agents set him up for murder, he must now go on the run to clear his name and bring them to justice.'),(3,'Let Him Go',2020,'Following the loss of their son, a retired sheriff and his wife leave their Montana ranch to rescue their young grandson from the clutches of a dangerous family living off the grid in the Dakotas.'),(4,'Toy Story',1995,'Woody (Tom Hanks), a good-hearted cowboy doll who belongs to a young boy named Andy (John Morris), sees his position as Andy\'s favorite toy jeopardized when his parents buy him a Buzz Lightyear (Tim Allen) action figure. Even worse, the arrogant Buzz thinks he\'s a real spaceman on a mission to return to his home planet. When Andy\'s family moves to a new house, Woody and Buzz must escape the clutches of maladjusted neighbor Sid Phillips (Erik von Detten) and reunite with their boy.'),(5,'The Hunt for Red October',1990,'Based on the popular Tom Clancy novel, this suspenseful movie tracks Soviet submarine captain Marko Ramius (Sean Connery) as he abandons his orders and heads for the east coast of the United States. Equipped with innovative stealth technology, Ramius\' submarine, \"Red October,\" is virtually invisible. However, when an American sub briefly detects the Russians\' presence, CIA agent Jack Ryan (Alec Baldwin) sets out to determine Ramius\' motives, fearing he may launch an attack on the U.S.'),(6,'Tenet',2020,'A secret agent embarks on a dangerous, time-bending mission to prevent the start of World War III.'),(7,'American Sniper: The IMAX Experience',2014,'U.S. Navy SEAL Chris Kyle (Bradley Cooper) takes his sole mission -- protect his comrades -- to heart and becomes one of the most lethal snipers in American history. His pinpoint accuracy not only saves countless lives but also makes him a prime target of insurgents. Despite grave danger and his struggle to be a good husband and father to his family back in the States, Kyle serves four tours of duty in Iraq. However, when he finally returns home, he finds that he cannot leave the war behind.'),(8,'1917',2019,'During World War I, two British soldiers -- Lance Cpl. Schofield and Lance Cpl. Blake -- receive seemingly impossible orders. In a race against time, they must cross over into enemy territory to deliver a message that could potentially save 1,600 of their fellow comrades -- including Blake\'s own brother.'),(9,'Come Play',2020,'Parents fight to save their son when a mysterious creature uses his electronic devices to break into our world.'),(10,'The War With Grandpa',2020,'Peter and his grandpa used to be very close, but when Grandpa Jack moves in with the family, Peter is forced to give up his most prized possession: his bedroom. Peter will stop at nothing to get his room back, scheming with friends to devise a series of pranks to drive him out. However, grandpa doesn\'t give up easily, and it turns into an all-out war between the two.'),(11,'Happy Death Day',2017,'Tree Gelbman is a blissfully self-centered collegian who wakes up on her birthday in the bed of a student named Carter. As the morning goes on, Tree gets the eerie feeling that she\'s experienced the events of this day before. When a masked killer suddenly takes her life in a brutal attack, she once again magically wakes up in Carter\'s dorm room unharmed. Now, the frightened young woman must relive the same day over and over until she figures out who murdered her.'),(12,'Goldfinger',1964,'Special agent 007 (Sean Connery) comes face to face with one of the most notorious villains of all time, and now he must outwit and outgun the powerful tycoon to prevent him from cashing in on a devious scheme to raid Fort Knox -- and obliterate the world\'s economy.'),(13,'Get Out',2017,'Now that Chris (Daniel Kaluuya) and his girlfriend, Rose (Allison Williams), have reached the meet-the-parents milestone of dating, she invites him for a weekend getaway upstate with Missy and Dean. At first, Chris reads the family\'s overly accommodating behavior as nervous attempts to deal with their daughter\'s interracial relationship, but as the weekend progresses, a series of increasingly disturbing discoveries lead him to a truth that he never could have imagined.'),(14,'No Films Showing Today',NULL,NULL);
/*!40000 ALTER TABLE `theatre_movie` ENABLE KEYS */;
UNLOCK TABLES;

--
-- Table structure for table `theatre_movie_genre`
--

DROP TABLE IF EXISTS `theatre_movie_genre`;
/*!40101 SET @saved_cs_client     = @@character_set_client */;
/*!40101 SET character_set_client = utf8 */;
CREATE TABLE `theatre_movie_genre` (
  `theatre_movie_id` int(11) NOT NULL,
  `genre_id` int(11) NOT NULL,
  PRIMARY KEY (`theatre_movie_id`,`genre_id`),
  KEY `genre_id` (`genre_id`),
  CONSTRAINT `theatre_movie_genre_ibfk_1` FOREIGN KEY (`theatre_movie_id`) REFERENCES `theatre_movie` (`id`),
  CONSTRAINT `theatre_movie_genre_ibfk_2` FOREIGN KEY (`genre_id`) REFERENCES `genre` (`id`)
) ENGINE=InnoDB DEFAULT CHARSET=latin1;
/*!40101 SET character_set_client = @saved_cs_client */;

--
-- Dumping data for table `theatre_movie_genre`
--

LOCK TABLES `theatre_movie_genre` WRITE;
/*!40000 ALTER TABLE `theatre_movie_genre` DISABLE KEYS */;
INSERT INTO `theatre_movie_genre` VALUES (1,7),(1,9),(2,5),(2,7),(3,7),(4,3),(4,11),(4,12),(4,13),(4,23),(5,3),(5,5),(5,7),(6,5),(6,7),(6,9),(7,2),(7,4),(7,24),(8,1),(8,4),(9,7),(9,16),(10,11),(11,7),(11,11),(11,16),(12,5),(13,7),(13,16),(13,25);
/*!40000 ALTER TABLE `theatre_movie_genre` ENABLE KEYS */;
UNLOCK TABLES;

--
-- Table structure for table `theatre_movie_theatre`
--

DROP TABLE IF EXISTS `theatre_movie_theatre`;
/*!40101 SET @saved_cs_client     = @@character_set_client */;
/*!40101 SET character_set_client = utf8 */;
CREATE TABLE `theatre_movie_theatre` (
  `theatre_movie_id` int(11) NOT NULL,
  `theatre_id` int(11) NOT NULL,
  PRIMARY KEY (`theatre_movie_id`,`theatre_id`),
  KEY `theatre_id` (`theatre_id`),
  CONSTRAINT `theatre_movie_theatre_ibfk_1` FOREIGN KEY (`theatre_movie_id`) REFERENCES `theatre_movie` (`id`),
  CONSTRAINT `theatre_movie_theatre_ibfk_2` FOREIGN KEY (`theatre_id`) REFERENCES `theatre` (`id`)
) ENGINE=InnoDB DEFAULT CHARSET=latin1;
/*!40101 SET character_set_client = @saved_cs_client */;

--
-- Dumping data for table `theatre_movie_theatre`
--

LOCK TABLES `theatre_movie_theatre` WRITE;
/*!40000 ALTER TABLE `theatre_movie_theatre` DISABLE KEYS */;
INSERT INTO `theatre_movie_theatre` VALUES (1,1),(2,1),(3,1),(4,1),(5,1),(6,1),(7,1),(8,1),(9,1),(10,1),(11,1),(12,1),(13,1),(14,2);
/*!40000 ALTER TABLE `theatre_movie_theatre` ENABLE KEYS */;
UNLOCK TABLES;

--
-- Table structure for table `tv_movie`
--

DROP TABLE IF EXISTS `tv_movie`;
/*!40101 SET @saved_cs_client     = @@character_set_client */;
/*!40101 SET character_set_client = utf8 */;
CREATE TABLE `tv_movie` (
  `id` int(11) NOT NULL AUTO_INCREMENT,
  `title` varchar(100) DEFAULT NULL,
  `release_year` int(11) DEFAULT NULL,
  `description` text DEFAULT NULL,
  `channel` varchar(5) DEFAULT NULL,
  PRIMARY KEY (`id`)
) ENGINE=InnoDB AUTO_INCREMENT=361 DEFAULT CHARSET=latin1;
/*!40101 SET character_set_client = @saved_cs_client */;

--
-- Dumping data for table `tv_movie`
--

LOCK TABLES `tv_movie` WRITE;
/*!40000 ALTER TABLE `tv_movie` DISABLE KEYS */;
INSERT INTO `tv_movie` VALUES (1,'Alexander: The Ultimate Cut',2004,'The story is an epic that is as daring and ambitious as its subject, a relentless conqueror who by the age of 32 had amassed the greatest empire the world had ever seen. Past and present collide to form the puzzle of the protagonist, a tapestry of triumphs and tragedies in which childhood memories and Alexander\'s rise to power unfold side by side with the later day expansion of his empire, and its ultimate downfall.','599'),(2,'Where Eagles Dare',1969,'A crack team of Allied soldiers stages a daring rescue during World War II. A U.S. general is being held captive in an imposing castle fort, high in the Bavarian Alps. The audacious plan calls for Lt. Schaffer (Clint Eastwood), Maj. Smith (Richard Burton) and other operatives to parachute down wearing Nazi disguises. They\'ll penetrate the mountain outpost while undercover operatives assist them from within. But their mission changes when they discover that there\'s a traitor in their midst.','1248'),(3,'She\'s Out of My League',2010,'Kirk (Jay Baruchel), an average guy stuck in a dead-end job, can\'t believe his luck when a gorgeous, successful woman named Molly (Alice Eve) falls in love with him. With no help from his stunned friends, relatives and ex-girlfriend, Kirk must figure out how to make this unlikely relationship work, even though he\'s the first to admit that Molly is way beyond him.','119'),(4,'Baby Driver',2017,'Talented getaway driver Baby (Ansel Elgort) relies on the beat of his personal soundtrack to be the best in the game. After meeting the woman (Lily James) of his dreams, he sees a chance to ditch his shady lifestyle and make a clean break. Coerced into working for a crime boss (Kevin Spacey), Baby must face the music as a doomed heist threatens his life, love and freedom.','091'),(5,'Baby Driver',2017,'Talented getaway driver Baby (Ansel Elgort) relies on the beat of his personal soundtrack to be the best in the game. After meeting the woman (Lily James) of his dreams, he sees a chance to ditch his shady lifestyle and make a clean break. Coerced into working for a crime boss (Kevin Spacey), Baby must face the music as a doomed heist threatens his life, love and freedom.','109'),(6,'Chacha Bhatija',1977,'After having been wrongfully ousted from their home, Shankar and Sunder decide to expose the real face of Teja\'s new wife, Sonia.','1532'),(7,'Armageddon',1998,'When an asteroid threatens to collide with Earth, NASA honcho Dan Truman (Billy Bob Thornton) determines the only way to stop it is to drill into its surface and detonate a nuclear bomb. This leads him to renowned driller Harry Stamper (Bruce Willis), who agrees to helm the dangerous space mission provided he can bring along his own hotshot crew. Among them is the cocksure A.J. (Ben Affleck), who Harry thinks isn\'t good enough for his daughter (Liv Tyler), until the mission proves otherwise.','553'),(8,'The Best of Enemies',2019,'The true story of the unlikely relationship between Ann Atwater, an outspoken civil rights activist, and C.P. Ellis, a local Ku Klux Klan leader. During the racially charged summer of 1971, Atwater and Ellis come together to co-chair a community summit on the desegregation of schools in Durham, N.C. The ensuing debate and battle soon lead to surprising revelations that change both of their lives forever.','557'),(9,'House Party',1990,'Play\'s parents are out of town, and he\'s planning the house party to end all house parties. His best friend, Kid, wants to go more than anything, knowing Sydney (Tisha Campbell-Martin), the hottest girl in school, is sure to be there. But when Kid gets into a fight at school, his father grounds him. Still determined to go, Kid sneaks out of the house and faces one calamity after another as he makes his way to Play\'s house and the party of the school year.','050'),(10,'House Party',1990,'Play\'s parents are out of town, and he\'s planning the house party to end all house parties. His best friend, Kid, wants to go more than anything, knowing Sydney (Tisha Campbell-Martin), the hottest girl in school, is sure to be there. But when Kid gets into a fight at school, his father grounds him. Still determined to go, Kid sneaks out of the house and faces one calamity after another as he makes his way to Play\'s house and the party of the school year.','117'),(11,'Night at the Museum: Secret of the Tomb',2014,'When the exhibits at New York\'s Natural History Museum start behaving strangely, Larry Daley (Ben Stiller) -- now the director of nighttime operations -- must find out the cause. He learns that the Tablet, which magically brings Teddy Roosevelt (Robin Williams), Jedediah (Owen Wilson) and the other exhibits to life at night, has started to decay. Larry, along with his son and museum friends, must travel to London\'s British Museum to learn how to prevent the Tablet\'s magic from disappearing.','627'),(12,'The Loft',2014,'For five men (Karl Urban, James Marsden, Wentworth Miller, Eric Stonestreet, Matthias Schoenaerts), the opportunity to share a penthouse in the city -- in which to carry on extramarital affairs -- is a dream come true, until the dead body of an unknown woman turns up. Realizing that her killer must be one of their group, the men are gripped by paranoia as each one suspects another. Friendships are tested, loyalties are questioned, and marriages crumble while fear and suspicion run rampant.','554'),(13,'Ilusiones S.A.',2015,'Un hombre contrata a unos actores para que se hagan pasar por su nieto y su pareja, y así evitar que su esposa sepa quiénes son en realidad.','971'),(14,'The Fortune Cookie',1966,'While taping a football game, cameraman Harry Hinkle (Jack Lemmon) ends up slightly injured after a collision with star player \"Boom Boom\" Jackson (Ron Rich). When Hinkle\'s scheming brother-in-law, lawyer Willie Gingrich (Walter Matthau), catches wind of the incident, he wants Hinkle to feign paralysis to scam the insurance company. Hinkle agrees to the plan, if only to win back his ex (Judi West). But Hinkle\'s growing friendship with a guilt-ridden Jackson has him questioning the ploy.','633'),(15,'Insidious',2010,'Parents (Patrick Wilson, Rose Byrne) take drastic measures when it seems their new home is haunted and their comatose son (Ty Simpkins) is possessed by a malevolent entity.','597'),(16,'The Bad News Bears',1976,'Hard-drinking, ex-minor-league hopeful Morris Buttermaker (Walter Matthau) grumpily agrees to coach a Little League team at the behest of lawyer-councilman Bob Whitewood (Ben Piazza), who has a vendetta against the league for excluding his marginally talented son from play. After failing with his new team of misfits, Buttermaker enlists feisty and gifted pitcher Amanda Whurlitzer (Tatum O\'Neal) to lead the charge -- but can he find the luck and patience to whip these outcasts into shape?','640'),(17,'How to Lose a Guy in 10 Days',2003,'An advice columnist, Andie Anderson (Kate Hudson), tries pushing the boundaries of what she can write about in her new piece about how to get a man to leave you in 10 days. Her editor, Lana (Bebe Neuwirth), loves it, and Andie goes off to find a man she can use for the experiment. Enter executive Ben Berry (Matthew McConaughey), who is so confident in his romantic prowess that he thinks he can make any woman fall in love with him in 10 days. When Andie and Ben meet, their plans backfire.','038'),(18,'How to Lose a Guy in 10 Days',2003,'An advice columnist, Andie Anderson (Kate Hudson), tries pushing the boundaries of what she can write about in her new piece about how to get a man to leave you in 10 days. Her editor, Lana (Bebe Neuwirth), loves it, and Andie goes off to find a man she can use for the experiment. Enter executive Ben Berry (Matthew McConaughey), who is so confident in his romantic prowess that he thinks he can make any woman fall in love with him in 10 days. When Andie and Ben meet, their plans backfire.','118'),(19,'A Cinderella Story',2004,'Sam (Hilary Duff), a teenager in California, is obliged to work as a janitor and dishwasher in the diner of her stepmother (Jennifer Coolidge). After a cell phone mix-up, Sam begins an anonymous text-messaging and e-mail relationship with a boy. They agree to meet at a school dance, but when Sam finds out that her secret pen pal is none other than Austin Ames (Chad Michael Murray), the cutest boy in school, she panics and looks for a way to make herself cooler.','037'),(20,'A Cinderella Story',2004,'Sam (Hilary Duff), a teenager in California, is obliged to work as a janitor and dishwasher in the diner of her stepmother (Jennifer Coolidge). After a cell phone mix-up, Sam begins an anonymous text-messaging and e-mail relationship with a boy. They agree to meet at a school dance, but when Sam finds out that her secret pen pal is none other than Austin Ames (Chad Michael Murray), the cutest boy in school, she panics and looks for a way to make herself cooler.','122'),(21,'Red Tails',2012,'Durante la Segunda Guerra Mundial, la Autoridad de Aeronáutica Civil selecciona a 13 cadetes negros para que formen parte de un programa experimental en el Instituto Tuskegee en Alabama. El programa entrena a personal de color para convertirlos en pilotos del ejército. Sin embargo, la discriminación, la falta de apoyo institucional y la creencia racista de su falta de inteligencia y aptitud para el trabajo complican cada paso. A pesar de ello, los Tuskegee Airmen prueban su gran valor.','517'),(22,'Marley',2012,'The life story of musician, revolutionary and legend Bob Marley, from the early days to international superstardom. Features rare footage, performances and interviews.','571'),(23,'Blinded by the Light',2019,'Javed is a Pakistani teenager who experiences racial and economic turmoil while living in Luton, England, in 1987. He writes poetry as a way to escape the intolerance of his hometown and the stubborn views of his traditional father. When a classmate introduces him to the music of Bruce Springsteeen, Javed sees parallels between the singer\'s powerful lyrics and his own working-class environment. Springsteen\'s melodies soon inspire Javed to find his own voice and follow his dreams.','511'),(24,'Planes: Fire & Rescue',2014,'Dusty (Dane Cook), the famous racing airplane, learns that his engine is damaged, so he must shift gears and find a new career. He joins an elite corps of firefighting aircraft devoted to protecting historic Piston Peak National Park. When a massive wildfire threatens the park, Dusty -- with the help of his fearless colleagues Blade Ranger, Lil\' Dipper (Julie Bowen), Windlifter, Cabbie and the Smokejumpers -- learns what it takes to become a real hero.','584'),(25,'The Meddler',2015,'After the death of her husband, a woman (Susan Sarandon) moves from New Jersey to Los Angeles to be closer to her daughter (Rose Byrne).','586'),(26,'Mouse Hunt',1997,'When their string magnate father, Rudolf Smuntz, dies, brothers Ernie (Nathan Lane) and Lars (Lee Evans) move into his decrepit mansion. Struggling to keep a promise to never sell the now unprofitable string factory, the brothers decide that restoring the house, the last built by a famous architect, could bring them a great deal of money. But during their restoration attempts, Ernie and Lars are continually frustrated by a malicious mouse that keeps destroying their efforts.','608'),(27,'Philadelphia',1993,'Fearing it would compromise his career, lawyer Andrew Beckett (Tom Hanks) hides his homosexuality and HIV status at a powerful Philadelphia law firm. But his secret is exposed when a colleague spots the illness\'s telltale lesions. Fired shortly afterwards, Beckett resolves to sue for discrimination, teaming up with Joe Miller (Denzel Washington), the only lawyer willing to help. In court, they face one of his ex-employer\'s top litigators, Belinda Conine (Mary Steenburgen).','583'),(28,'Stay Alive',2006,'Teenagers decide to pass idle time by playing an online game that has a horror theme. But the action taking place on their computer screens becomes a terrifying reality when they realize that each time a character dies during the game, the figure\'s human overseer dies as well.','534'),(29,'National Security',2003,'Dos guardias de seguridad deben dejar de discutir uno con el otro y atrapar a una pandilla de ladrones asesinos.','973'),(30,'The Shack',2017,'After suffering a family tragedy, Mack Phillips spirals into a deep depression that causes him to question his innermost beliefs. Facing a crisis of faith, he receives a mysterious letter urging him to an abandoned shack in the Oregon wilderness. Despite his doubts, Mack journeys to the shack and encounters an enigmatic trio of strangers led by a woman named Papa. Through this meeting, Mack finds important truths that will transform his understanding of his tragedy and change his life forever.','540'),(31,'McHale\'s Navy',1997,'Shopkeeper McHale (Tom Arnold) is called back to captain the PT-73 and save a Caribbean island from annihilation.','558'),(32,'Downhill',2020,'A woman starts to have second doubts about her husband after he runs away from an approaching avalanche, leaving her and their two sons behind.','522'),(33,'Surge',2020,'A record number of first-time female candidates run for office during the historic 2018 midterm elections.','555'),(34,'White Noise',2005,'Architect Jonathan Rivers (Michael Keaton) is happily married to author Anna (Chandra West), but tragedy strikes when she is killed in an accident. Deep in grief, Jonathan hears from Raymond Price (Ian McNeice), who claims that he has intercepted messages from Anna via electronic voice phenomena. Jonathan eventually comes to believe Raymond\'s claims, but, as he is drawn further into investigating the phenomenon, a sinister supernatural presence invades his life.','541'),(35,'Curly Sue',1991,'Bill (James Belushi) is a penniless drifter who scams strangers out of just enough money to feed himself and his partner in crime, an orphan girl known as Curly Sue (Alisan Porter). Bill and Curly Sue target Grey (Kelly Lynch), a yuppie lawyer, but their con takes an unexpected turn when the successful woman begins to like the ramshackle duo. She decides to take the girl in and falls in love with Bill, but there\'s one problem -- Grey\'s jealous, conniving boyfriend, Walker (John Getz).','620'),(36,'A Simple Favor',2018,'Stephanie is a widowed, single mother who works as a vlogger in Connecticut. Her best friend, Emily, seems to have it all -- a successful career, a loving family and a glamorous lifestyle. When Emily mysteriously disappears one day, Stephanie launches her own investigation by digging into her friend\'s past -- and finding a few surprises along the way.','596'),(37,'The Peanut Butter Falcon',2019,'After running away from a residential nursing home to pursue his dream of becoming a pro wrestler, a man who has Down syndrome befriends an outlaw who becomes his coach and ally.','598'),(38,'Greed',2019,'A damaging public inquiry tarnishes the image of a self-made fashion billionaire. To save his reputation, he decides to bounce back with a highly publicized and extravagant party celebrating his 60th birthday on the Greek island of Mykonos.','582'),(39,'Gaai Aur Gori',1973,NULL,'1542'),(40,'The Color Purple',1985,'An epic tale spanning forty years in the life of Celie (Whoopi Goldberg), an African-American woman living in the South who survives incredible abuse and bigotry. After Celie\'s abusive father marries her off to the equally debasing \"Mister\" Albert Johnson (Danny Glover), things go from bad to worse, leaving Celie to find companionship anywhere she can. She perseveres, holding on to her dream of one day being reunited with her sister in Africa. Based on the novel by Alice Walker.','182'),(41,'Ginger & Rosa',2012,'In 1962 London, the lifelong friendship between two teenagers (Elle Fanning, Alice Englert) dissolves after one seduces the other\'s father.','556'),(42,'Paranoia',2013,'Adam Cassidy (Liam Hemsworth) is a rising star at a global tech company run by Nicolas Wyatt (Gary Oldman). An innocent mistake proves costly to Adam when Wyatt forces him to become a corporate spy to obtain trade secrets from a rival company run by Jock Goddard (Harrison Ford), Wyatt\'s former partner. At first, Adam finds that the assignment is like a clever game -- but when he wants to get out of the situation, he learns that each tech titan will go to shocking lengths to protect his secrets.','572'),(43,'Star Trek',2009,'Aboard the USS Enterprise, the most-sophisticated starship ever built, a novice crew embarks on its maiden voyage. Their path takes them on a collision course with Nero (Eric Bana), a Romulan commander whose mission of vengeance threatens all mankind. If humanity would survive, a rebellious young officer named James T. Kirk (Chris Pine) and a coolly logical Vulcan named Spock (Zachary Quinto) must move beyond their rivalry and find a way to defeat Nero before it is too late.','063'),(44,'Star Trek',2009,'Aboard the USS Enterprise, the most-sophisticated starship ever built, a novice crew embarks on its maiden voyage. Their path takes them on a collision course with Nero (Eric Bana), a Romulan commander whose mission of vengeance threatens all mankind. If humanity would survive, a rebellious young officer named James T. Kirk (Chris Pine) and a coolly logical Vulcan named Spock (Zachary Quinto) must move beyond their rivalry and find a way to defeat Nero before it is too late.','105'),(45,'Condena para un ilegal',2000,'Un ilegal es víctima de la injusticia e intenta salir con vida al enfrentarse a la mafia y corrupción de una prisión.','811'),(46,'Condena para un ilegal',2000,'Un ilegal es víctima de la injusticia e intenta salir con vida al enfrentarse a la mafia y corrupción de una prisión.','1240'),(47,'Bounce',2000,'Buddy is fearlessly confident and wildly charming, his clients love him, and thanks to his good looks, so do woman. Abby is a down-to-earth and naturally good-looking housewife. They were stranger\'s worlds apart until something brought them together. Something more than attraction; something more than fate; something more than coincidence.','538'),(48,'Stealth',2005,'Navy fighter pilots Ben Gannon (Josh Lucas), Henry Purcell (Jamie Foxx) and Kara Wade (Jessica Biel) are tasked with training an unmanned plane to hit important overseas targets. Ben doesn\'t trust the artificial-intelligence technology, especially after the plane is hit by lightning and rewired. However, the Navy is determined to put the plane in the air -- even after it goes off on a mission of its own. Ben knows he has to stop the technology before it sparks a new world war.','603'),(49,'The Debt',2010,'In 1965, young Mossad agent Rachel Singer (Jessica Chastain) and two comrades (Sam Worthington, Marton Csokas) are involved in a secret mission to capture a Nazi war criminal known as the Surgeon of Birkenau (Jesper Christensen). The mission ends with the man\'s death on the streets of East Berlin. Thirty years later, a man claiming to be the doctor has appeared, and Rachel (Helen Mirren), haunted by memories of past events, must return to Eastern Europe to uncover the truth.','533'),(50,'The Other',1972,'After their father dies, young twin brothers Holland (Martin Udvarnoky) and Niles (Chris Udvarnoky) spend their summer playing around the farm, while their mother (Diana Muldaur) hides in mourning. Holland is the more mischievous of the two, while Niles is shy and quiet. Their grandmother, Ada (Uta Hagen), has taught Niles how to project himself into other people and animals as a harmless game. But when a series of deadly tragedies strike the family and friends, only Ada suspects the truth.','083'),(51,'The Other',1972,'After their father dies, young twin brothers Holland (Martin Udvarnoky) and Niles (Chris Udvarnoky) spend their summer playing around the farm, while their mother (Diana Muldaur) hides in mourning. Holland is the more mischievous of the two, while Niles is shy and quiet. Their grandmother, Ada (Uta Hagen), has taught Niles how to project himself into other people and animals as a harmless game. But when a series of deadly tragedies strike the family and friends, only Ada suspects the truth.','632'),(52,'Something Borrowed',2011,'Though Rachel (Ginnifer Goodwin) is a successful attorney and a loyal, generous friend, she is still single. After one drink too many at her 30th-birthday celebration, Rachel unexpectedly falls into bed with her longtime crush, Dex -- who happens to be engaged to her best friend, Darcy (Kate Hudson). Ramifications of the liaison threaten to destroy the women\'s lifelong friendship, while Ethan (John Krasinski), Rachel\'s confidant, harbors a potentially explosive secret of his own.','523'),(53,'The Adventures of Tom Thumb & Thumbelina',2002,'Two infants are abducted from the kingdom of little people in the heart of the magical forest, and taken away with a traveling circus. The boy, Tom Thumb, manages to escape, but Thumbelina is left captive. When she breaks free, she bumps into Tom Thumb, who she doesn\'t recognize except for noticing that he is also only six inches tall.','514'),(54,'A Price Above Rubies',1998,'Sonia (Renée Zellweger) is a married Hasidic woman in Brooklyn, N.Y., whose husband, Mendel (Glenn Fitzgerald), is inattentive. She begins having an affair with Mendel\'s brother, Sender (Christopher Eccleston), who allows her to work in his jewelry business. There, she meets a Puerto Rican artist and designer named Ramon (Allen Payne), with whom she finds a strong connection. When Sender learns of her affection for Ramon, he sets out to ostracize her from her husband and family.','539'),(55,'Stay',2005,'Sam Foster (Ewan McGregor), a psychiatrist, has a new patient, Henry Letham (Ryan Gosling), who claims to be suicidal. In trying to diagnose him, Sam visits Henry\'s prior therapist (Janeane Garofalo) and also finds Henry\'s mother -- even though Henry has said that he murdered both of his parents. As reality starts to contradict fact, Sam spirals into an unstable mental state. Then he finds a clue as to how and when Henry may try to kill himself, and races to try to stop him.','513'),(56,'Much Ado About Nothing',2012,'After a successful campaign against his rebellious brother, Don John (Sean Maher), Don Pedro (Reed Diamond) visits the governor of Messina. With him are Benedick (Alexis Denisof) and Claudio (Fran Kranz). While there, Claudio falls for the governor\'s daughter, Hero (Jillian Morgese), while Benedick engages in a war of words with Beatrice (Amy Acker), the governor\'s niece. While Don Pedro tries to trick Benedick and Beatrice into falling in love, Don John tries to tear Claudio and Hero apart.','515'),(57,'Jardín de Amapolas',2012,'Un campesino colombiano y su hijo son desterrados de su aldea viéndose obligado a trabajar en el negocio ilegal de la siembra de amapolas.','982'),(58,'Sgt. Stubby: An American Hero',2018,'With World War I looming, Robert Conroy, a young Army private, adopts a stray, stump-tailed terrier. Conroy names his new friend Stubby and gives him a home, a family, and a chance to embark on the adventure that would define a century. The two quickly find themselves in the trenches of France and on the path to history. French soldier Gaston Baptiste befriends the man and dog and accompanies them along their epic journey through harsh conditions and incredible acts of courage.','521'),(59,'Along Came Polly',2004,'Actuary Reuben Feffer (Ben Stiller) is so aware of the risks inherent in all situations that he is unable to risk anything. His bride, Lisa Kramer (Debra Messing), seems perfect but cheats on him during their honeymoon. Back home in New York City, his best friend, former child star Sandy (Philip Seymour Hoffman), urges him to attend a party. There he meets an ex-classmate, Polly Prince (Jennifer Aniston), whose spirited ways spark his adoration but confound his neuroses.','609'),(60,'Flatliners',1990,'Seeking answers about the afterlife, Chicago medical student Nelson (Kiefer Sutherland) persuades his fellow pupils to help him end his life, and then resuscitate him in the nick of time. Atheist David (Kevin Bacon), playboy Joe (William Baldwin) and troubled Rachel (Julia Roberts) also journey into the unknown, looking for meaning in their own lives. As the experiments become more perilous, each is forced to contend with the paranormal consequences of trespassing on the other side.','622'),(61,'A Nightmare on Elm Street 4: The Dream Master',1988,'Grotesque Freddy Krueger (Robert Englund) gives some more suburban teenagers something to dream about.','058'),(62,'A Nightmare on Elm Street 4: The Dream Master',1988,'Grotesque Freddy Krueger (Robert Englund) gives some more suburban teenagers something to dream about.','111'),(63,'Clear and Present Danger',1994,'Agent Jack Ryan (Harrison Ford) becomes acting deputy director of the CIA when Admiral Greer (James Earl Jones) is diagnosed with cancer. When an American businessman, and friend of the president, is murdered on a yacht, Ryan starts discovering links between the man and drug dealers. As CIA agent John Clark (Willem Dafoe) is sent to Colombia to kill drug kingpins in retaliation, Ryan must fight through multiple cover-ups to figure out what happened and who\'s responsible.','551'),(64,'Taraana',1979,'A rich young man falls in love with a poor girl; her father takes her marriage proposal to the boy\'s guardian but it is rejected. Later, the truth is revealed about the girl\'s parents.','1533'),(65,'Mike and Dave Need Wedding Dates',2016,'Mike and Dave Stangle are young, adventurous, fun-loving brothers who tend to get out of control at family gatherings. When their sister Jeanie reveals her Hawaiian wedding plans, the rest of the clan insists that they both bring respectable dates. After placing an ad on Craigslist, the siblings decide to pick Tatiana and Alice, two charming and seemingly normal women. Once they arrive on the island, however, Mike and Dave realize that their companions are ready to get wild and party hard.','068'),(66,'Mike and Dave Need Wedding Dates',2016,'Mike and Dave Stangle are young, adventurous, fun-loving brothers who tend to get out of control at family gatherings. When their sister Jeanie reveals her Hawaiian wedding plans, the rest of the clan insists that they both bring respectable dates. After placing an ad on Craigslist, the siblings decide to pick Tatiana and Alice, two charming and seemingly normal women. Once they arrive on the island, however, Mike and Dave realize that their companions are ready to get wild and party hard.','108'),(67,'Heartbreak Ridge',1986,'Marine Sgt. Thomas Highway (Clint Eastwood) is a decorated veteran of two wars. On his last posting before retirement, he is surrounded by officers with no combat experience who view him as an odd, even dangerous, holdover. Highway is assigned to train a group of undisciplined recruits including Cpl. Stitch Jones (Mario Van Peebles), a slick hustler who has previously encountered Highway. As the old soldier prepares his men for a war they don\'t believe will come, the U.S. invades Grenada.','086'),(68,'Heartbreak Ridge',1986,'Marine Sgt. Thomas Highway (Clint Eastwood) is a decorated veteran of two wars. On his last posting before retirement, he is surrounded by officers with no combat experience who view him as an odd, even dangerous, holdover. Highway is assigned to train a group of undisciplined recruits including Cpl. Stitch Jones (Mario Van Peebles), a slick hustler who has previously encountered Highway. As the old soldier prepares his men for a war they don\'t believe will come, the U.S. invades Grenada.','110'),(69,'El fotógrafo callejero',2003,'Un fotógrafo sale a las calles para captar a las mujeres más hermosas, pero un día presencia un crimen.','972'),(70,'The Return',2006,'Joanna Mills (Sarah Michelle Gellar) has a successful career but feels her personal life is spinning out of control. She has few friends, an estranged father (Sam Shepard), and a crazy ex-boyfriend who is stalking her. Joanna begins having terrifying visions of a woman\'s murder, and it seems that she is the killer\'s next target. Determined to solve the mystery and escape her apparent fate, Joanna follows her visions to the victim\'s hometown and finds that some secrets just do not stay buried.','532'),(71,'Open Range',2003,'Boss Spearman (Robert Duvall) and his cowhands Charley (Kevin Costner) and Mose (Abraham Benrubi) are driving cattle across a large expanse of country. When Mose ventures into a sparse village to buy a few necessities, he is met with violent hostility from Denton Baxter (Michael Gambon), an affluent landowner, and his right-hand man, Poole (James Russo). When Mose doesn\'t come back, Boss and Charley realize he\'s in trouble, so they plot to get him back and get revenge on those who captured him.','537'),(72,'The Texas Chainsaw Massacre',2003,'In this remake of the horror classic, a group of young travelers -- including Erin (Jessica Biel), Andy (Mike Vogel) and Morgan (Jonathan Tucker) -- comes across an isolated rural home while driving through Texas. Unfortunately for them, the decrepit house is the residence of a family of deranged backwoods killers, most notably a hulking masked brute known as Leatherface (Andrew Bryniarski), who begins to hunt the stranded youths down. Will any of the friends survive the nightmarish ordeal?','606'),(73,'El tejano',1965,'Un pistolero llega a su pueblo para vengar la muerte de su hermano, ahorcado como culpable del robo de una mina.','524'),(74,'The Last Stand',2013,'Once a narcotics officer in the LAPD, Ray Owens (Arnold Schwarzenegger) has settled into a peaceful life as sheriff of Sommerton Junction, a quiet border town. But that peace is shattered when Gabriel Cortez, a vicious crime lord, escapes from FBI custody and speeds toward Ray\'s town with a band of mercenaries. Federal agents prepare to capture Cortez, and Ray is at first reluctant to get involved -- but he soon finds he must rally his team and take matters into his own hands.','595'),(75,'La monja alférez',1944,'La historia de Catalina de Erauso, una mujer que llegó a ser alférez y al confesar su género se salvó de la ejecución.','979'),(76,'El bracero del año',1963,'Un hombre cruza la frontera entre los Estados Unidos y México para lograr ser un personaje importante.','980'),(77,'Better Luck Tomorrow',2002,'An accomplished high school student, Ben (Parry Shen) seems to excel at almost everything except winning over his dream girl, Stephanie (Karin Anna Cheung). When he begins an unlikely friendship with trouble-seeking tough guy Daric (Roger Fan), Ben becomes involved in petty crime that gets increasingly dangerous, with his various illegal ventures extending to include Stephanie and her wealthy beau, Steve (John Cho). Can these restless teens curb their criminal activities before it\'s too late?','621'),(78,'Dirty Rotten Scoundrels',1988,'Con artist Lawrence Jamieson (Michael Caine) is a longtime resident of a luxurious coastal resort, where he enjoys the fruits of his deceptions -- that is, until a competitor, Freddy Benson (Steve Martin), shows up. When the new guy\'s lowbrow tactics impinge on his own work, Jamieson resolves to get rid of him. Confident of his own duplicitous talents, Jamieson challenges Benson to a winner-takes-all competition: whoever swindles their latest mark first can stay, while the other must leave town.','602'),(79,'With Drawn Arms',2020,'An intimate conversation with Tommie Smith, the gold medalist who is known for raising his fist after accepting a medal at the \'68 Olympic games in protest of racial inequality. Tommie Smith reflects on the moment that helped define a movement.','581'),(80,'Never Rarely Sometimes Always',2020,'Faced with an unintended pregnancy and a lack of local support, Autumn and her cousin, Skylar, travel across state lines to New York City on a fraught journey of friendship, bravery and compassion.','518'),(81,'The Thin Red Line',1998,'In 1942, Private Witt (Jim Caviezel) is a U.S. Army absconder living peacefully with the locals of a small South Pacific island. Discovered by his commanding officer, Sgt. Welsh (Sean Penn), Witt is forced to resume his active duty training for the Battle of Guadalcanal. As Witt and his unit land on the island, and the American troops mount an assault on entrenched Japanese positions, the story explores their various fates and attitudes towards life-or-death situations.','605'),(82,'Our Brand Is Crisis',2015,'Failing badly in the polls, a Bolivian presidential candidate enlists the services of an American management team for help. The main star is \"Calamity\" Jane Bodine (Sandra Bullock), a brilliant strategist who comes out of self-imposed retirement for a chance to beat her professional nemesis, the loathsome Pat Candy. With Candy working for the opposition, it becomes a down-and-dirty, all-out battle between political consultants, where nothing is sacred and winning is all that matters.','535'),(83,'Total Recall',2012,'In need of a vacation from his ordinary life, factory worker Douglas Quaid (Colin Farrell) visits Rekall, a company that can turn dreams into real memories. Thinking that memories of life as a superspy are just the ticket, Quaid undergoes the procedure -- but it goes horribly wrong. Suddenly, Quaid is a hunted man. He teams up with a rebel fighter (Jessica Biel) on a search to find the head of the underground resistance and take down the leader (Bryan Cranston) of the free world.','604'),(84,'Pathfinder',2007,'A Viking boy, nicknamed Ghost (Karl Urban), is adopted by the Wampanoag tribe after surviving a shipwreck despite a legend that death and destruction will follow the boy wherever he travels. Over the course of a decade, the young Norseman grows into a fierce warrior and battles against rampaging Vikings who slaughter the tribes. He defends the woman he loves (Moon Bloodgood) by waging a one-man war against his countrymen and becomes the savior and defender of the Wampanoag people.','542'),(85,'Barton Fink',1991,'Set in 1941, an intellectual New York playwright Barton Fink (John Turturro) accepts an offer to write movie scripts in L.A. He finds himself with writer\'s block when required to do a B-movie script. His neighbor tries to help, but he continues to struggle as a bizarre sequence of events distracts him.','552'),(86,'Moonlight Mile',2002,'Cuando Joe Nast se ve obligado a cambiar sus planes de boda debido a una pérdida inesperada, intentará estar a la altura: comportarse como un entregado y desconsolado novio a punto de casarse.','536'),(87,'The Dirty Dozen',1967,'As D-Day approaches, Colonel Breed hands the roguish Major Reisman (Lee Marvin) an important assignment: He must train a team of soldiers to parachute across enemy lines and assassinate German personnel at a French chateau. The soldiers, recruited from murderers, rapists and criminals on death row, are promised commuted sentences. In spite of their history, the 12 men prove a spirited and courageous unit. Led by Major Reisman, they will exact revenge.','064'),(88,'The Dirty Dozen',1967,'As D-Day approaches, Colonel Breed hands the roguish Major Reisman (Lee Marvin) an important assignment: He must train a team of soldiers to parachute across enemy lines and assassinate German personnel at a French chateau. The soldiers, recruited from murderers, rapists and criminals on death row, are promised commuted sentences. In spite of their history, the 12 men prove a spirited and courageous unit. Led by Major Reisman, they will exact revenge.','631'),(89,'Moonlight Mile',2002,'When Joe Nast\'s (Jake Gyllenhaal) plans for marriage change due to an unexpected loss, he wants to be the man he believes everyone wants him to be - dutifully bereaved husband-to-be, and perfect would-be son-in-law to Ben (Dustin Hoffman) and JoJo (Susan Sarandon). But when another woman unexpectedly enters his life, he\'s quickly torn between fulfilling his new role and following his heart.','531'),(90,'Fast & Furious Presents: Hobbs & Shaw',2019,'Brixton Lorr is a cybernetically enhanced soldier who possesses superhuman strength, a brilliant mind and a lethal pathogen that could wipe out half of the world\'s population. It\'s now up to hulking lawman Luke Hobbs and lawless operative Deckard Shaw to put aside their past differences and work together to prevent the seemingly indestructible Lorr from destroying humanity.','520'),(91,'Moulin Rouge',2001,'A celebration of love and creative inspiration takes place in the infamous, gaudy and glamorous Parisian nightclub, at the cusp of the 20th century. A young poet (Ewan McGregor), who is plunged into the heady world of Moulin Rouge, begins a passionate affair with the club\'s most notorious and beautiful star (Nicole Kidman).','516'),(92,'The Perfect Daughter',2016,'Martin and his daughter Natalie are close until she comes home confused and sick from a party one night. Thinking the worst, Martin makes false accusations to the police and causes a rift to form with Natalie.','076'),(93,'The Perfect Daughter',2016,'Martin and his daughter Natalie are close until she comes home confused and sick from a party one night. Thinking the worst, Martin makes false accusations to the police and causes a rift to form with Natalie.','630'),(94,'Street Fighter',1994,'Gen. Bison (Raul Julia), the evil dictator of Shadaloo, captures a busload of relief workers and holds them for ransom. Col. Guile (Jean-Claude Van Damme) leads an international strike force to invade Shadaloo and rescue the hostages. Along the way, Guile recruits Chun-Li (Ming-Na Wen), a reporter and martial-arts expert whose father was killed by Bison years ago, two young con men (Damian Chapa, Byron Mann) and a sumo wrestler (Peter Navy Tuiasosopo).','623'),(95,'The Letter Writer',2011,'A letter from a stranger (Bernie Diamond) inspires a teenage girl (Aley Underwood) to help others.','465'),(96,'Jingle Around the Clock',2018,'Elle decides to reunite her friends for Christmas, but her plans are thwarted by an opportunity at work. She\'s forced to team up with Max, who has a different take on the holidays. As they work together, they find themselves falling for each other.','039'),(97,'Jingle Around the Clock',2018,'Elle decides to reunite her friends for Christmas, but her plans are thwarted by an opportunity at work. She\'s forced to team up with Max, who has a different take on the holidays. As they work together, they find themselves falling for each other.','123'),(98,'The Christmas Card',2006,'Home on leave, a soldier (John Newton) visits a small town and falls for the woman (Alice Evans) who wrote a well-wishing card to the troops.','051'),(99,'The Christmas Card',2006,'Home on leave, a soldier (John Newton) visits a small town and falls for the woman (Alice Evans) who wrote a well-wishing card to the troops.','629'),(100,'Sweet Mountain Christmas',2019,'A musician who is set to headline a Christmas concert in NYC makes a pit-stop in Tennessee to see her family.','026'),(101,'Sweet Mountain Christmas',2019,'A musician who is set to headline a Christmas concert in NYC makes a pit-stop in Tennessee to see her family.','170'),(102,'Las señoritas Vivanco',1958,'Dos hermanas solteronas creen que cometer un robo deja de ser considerado como pecado, después de ir a la confesión.','985'),(103,'Surf\'s Up',2007,'Surfing means everything to teenage penguin Cody Maverick (Shia LaBeouf). Followed by a documentary film crew, he leaves his home in Antarctica for Pen Gu Island, site of the the Big Z Memorial Surf Off. Cody wants to be respected and admired, and he believes that winning the competition will bring him what he craves. However, an encounter with washed-up surfer Geek (Jeff Bridges) teaches Cody about what is truly important.','584'),(104,'Ex Machina',2015,'Caleb Smith (Domhnall Gleeson) a programmer at a huge Internet company, wins a contest that enables him to spend a week at the private estate of Nathan Bateman (Oscar Isaac), his firm\'s brilliant CEO. When he arrives, Caleb learns that he has been chosen to be the human component in a Turing Test to determine the capabilities and consciousness of Ava (Alicia Vikander), a beautiful robot. However, it soon becomes evident that Ava is far more self-aware and deceptive than either man imagined.','554'),(105,'Excalibur',1981,'The magical sword of Excalibur starts off in the hands of British lord Uther Pendragon (Gabriel Byrne) and then, years later, finds its way to his bastard son, Arthur (Nigel Terry), the knave destined to become king. Aided by the sorcerer Merlin (Nicol Williamson), Arthur fulfills his fate by bringing together the Knights of the Round Table at Camelot and unifying the country. However, this flawed monarch faces greater tests ahead in pursuit of love, the Holy Grail and his nation\'s survival.','599'),(106,'Espíritu de triunfo',2012,'La historia de un joven que aspira a jugar fútbol de manera profesional, un directivo que mantiene una enfermedad en secreto y un obrero desempleado que ha caído en la depresión, y cuyas vidas se transforman gracias a un enigmático taxista.','971'),(107,'Nobody\'s Fool',2018,'After serving five years in prison, wild child Tanya looks to her buttoned-up, by-the-book sister Danica to help her get back on her feet. The feisty ex-con becomes suspicious and concerned when Danica tells her that she\'s in a long-distance, online relationship with a mysterious man she\'s never seen. As the polar opposites start to collide, Tanya soon discovers that her sibling\'s picture-perfect life may not be what it seems.','597'),(108,'Dark Shadows',2012,'In 18th-century Maine, Barnabas Collins (Johnny Depp) presides over the town of Collinsport. A rich and powerful playboy, Barnabas seals his own doom when he breaks the heart of a witch named Angelique (Eva Green). Angelique turns Barnabas into a vampire and buries him alive. Two centuries later, Barnabas escapes from his tomb and finds 1972 Collinsport a very different place. His once-grand estate has fallen into ruin, and the dysfunctional remnants of his family have fared little better.','534'),(109,'Death Wish',1974,'Once a mild-mannered liberal, New York City architect Paul Kersey (Charles Bronson) snaps when intruders break into his home, murdering his wife (Hope Lange) and violently raping his daughter. A business trip to Tucson, Ariz., lands him a gift from a client, a revolver he uses to patrol the streets when he returns home. Frustrated that the police cannot find the intruders, he become a vigilante, gunning down any criminal that crosses his path. The public finds this vigilantism heroic.','640'),(110,'Keanu',2016,'Recently dumped by his girlfriend, slacker Rell (Jordan Peele) finds some happiness when a cute kitten winds up on his doorstep. After a heartless thief steals the cat, Rell recruits his cousin Clarence (Keegan-Michael Key) to help him retrieve it. They soon learn that a thug named Cheddar (Method Man) has the animal, and he\'ll only give it back if the two men agree to work for him. Armed with guns and a gangster attitude, it doesn\'t take long for the hapless duo to land in big trouble.','119'),(111,'Bridesmaids',2011,'Annie (Kristen Wiig) is a single woman whose own life is a mess, but when she learns that her lifelong best friend, Lillian (Maya Rudolph), is engaged, she has no choice but to serve as the maid of honor. Though lovelorn and almost penniless, Annie, nevertheless, winds her way through the strange and expensive rituals associated with her job as the bride\'s go-to gal. Determined to make things perfect, she gamely leads Lillian and the other bridesmaids down the wild road to the wedding.','522'),(112,'Kelly\'s Heroes',1970,'In the midst of World War II, an array of colorful American soldiers gets inside information from a drunk German officer about millions of dollars worth of gold hidden on enemy soil. Kelly (Clint Eastwood), a private with the platoon, devises a plan to sneak past the German officers to steal the loot for his crew. They recruit more men and set their plan into action. Despite several casualties, the men are determined to press forward, even if it means striking a deal with the opposing army.','1248'),(113,'Strike',2019,'A young mole must try to achieve his dream of becoming a footballer to save his hometown gold mine from a greedy super villain.','608'),(114,'Spider-Man: Far From Home',2019,'Peter Parker\'s relaxing European vacation takes an unexpected turn when Nick Fury shows up in his hotel room to recruit him for a mission. The world is in danger as four massive elemental creatures -- each representing Earth, air, water and fire -- emerge from a hole torn in the universe. Parker soon finds himself donning the Spider-Man suit to help Fury and fellow superhero Mysterio stop the evil entities from wreaking havoc across the continent.','586'),(115,'Unforgettable',2017,'Barely coping with the end of her marriage, Tessa Connover learns that her ex-husband, David, is now happily engaged to Julia. Trying to settle into her new life, Julia believes she has finally met the man of her dreams, the man who can help her forget her troubled past. Soon, Tessa\'s jealousy starts to consume her, and she will stop at nothing to turn Julia\'s paradise into the ultimate nightmare.','541'),(116,'Pacific Rim Uprising',2018,'Jake Pentecost is a once-promising Jaeger pilot whose legendary father gave his life to secure humanity\'s victory against the monstrous Kaiju. Jake has since abandoned his training only to become caught up in a criminal underworld. But when an even more unstoppable threat is unleashed to tear through cities and bring the world to its knees, Jake is given one last chance by his estranged sister, Mako Mori, to live up to his father\'s legacy.','091'),(117,'Pacific Rim Uprising',2018,'Jake Pentecost is a once-promising Jaeger pilot whose legendary father gave his life to secure humanity\'s victory against the monstrous Kaiju. Jake has since abandoned his training only to become caught up in a criminal underworld. But when an even more unstoppable threat is unleashed to tear through cities and bring the world to its knees, Jake is given one last chance by his estranged sister, Mako Mori, to live up to his father\'s legacy.','109'),(118,'The Game Plan',2007,'Bachelor football star Joe Kingman (Dwayne \"The Rock\" Johnson) seems to have it all. He is wealthy and carefree, and his team is on the way to capturing a championship. Suddenly, he is tackled by some unexpected news: He has a young daughter (Madison Pettis), the result of a last fling with his ex-wife. Joe must learn to balance his personal and professional lives with the needs of his child.','037'),(119,'The Game Plan',2007,'Bachelor football star Joe Kingman (Dwayne \"The Rock\" Johnson) seems to have it all. He is wealthy and carefree, and his team is on the way to capturing a championship. Suddenly, he is tackled by some unexpected news: He has a young daughter (Madison Pettis), the result of a last fling with his ex-wife. Joe must learn to balance his personal and professional lives with the needs of his child.','122'),(120,'Angels & Demons',2009,'When Harvard symbologist Robert Langdon discovers the resurgence of an ancient brotherhood known as the Illuminati, he flies to Rome to warn the Vatican, the Illuminati\'s most hated enemy. Joining forces with beautiful Italian scientist Vittoria Vetra (Ayelet Zurer), Langdon follows a centuries-old trail of ancient symbols in the hope of preventing the Illuminati\'s deadly plot against the Roman Catholic Church from coming to fruition.','553'),(121,'The Man From U.N.C.L.E.',2015,'At the height of the Cold War, a mysterious criminal organization plans to use nuclear weapons and technology to upset the fragile balance of power between the United States and Soviet Union. CIA agent Napoleon Solo (Henry Cavill) and KGB agent Illya Kuryakin (Armie Hammer) are forced to put aside their hostilities and work together to stop the evildoers in their tracks. The duo\'s only lead is the daughter of a missing German scientist, whom they must find soon to prevent a global catastrophe.','627'),(122,'Lean on Pete',2017,'Charley, a teen living with his single father, finds work caring for an aging racehorse named Lean on Pete. When he learns Pete is bound for slaughter, the two embark on an odyssey across the new American frontier in search of a place to call home.','556'),(123,'Love Me if You Dare',2003,'Close childhood friends (Guillaume Canet, Marion Cotillard) continuously dare each other to pull pranks in a twisted game of one-upmanship.','557'),(124,'Speedway Junky',1999,'Running away from home to pursue his dreams of becoming a professional racecar driver, Johnny (Jesse Bradford) is a high school kid from a good family. He winds up in Las Vegas working two-bit crimes. No closer to his destination - the race tracks of North Carolina - Johnny has a long way to go, but he is not without hope.','1849'),(125,'Cloudy With a Chance of Meatballs',2009,'La isla Masca Bocado vive momentos difíciles y sus habitantes solo pueden comer sardinas. Flint, un inventor fracasado, inventa una máquina que convierte el agua en alimentos y se convierte en un héroe, pero la máquina se vuelve loca.','973'),(126,'The \'Burbs',1989,'Settling in for some time off in his suburban home, Ray Peterson\'s (Tom Hanks) vacation becomes a horror when the Klopeks, a suspiciously odd family, move in down the block. Enlisting the aid of his paranoid buddy, Art (Rick Ducommun), and his militia-man neighbor, Rumsfield (Bruce Dern), Ray sends his son and wife (Carrie Fisher) away on a trip while he investigates the Klopeks. When a neighbor disappears, Ray and his cohorts risk their lives to save their cul-de-sac from the clutches of evil.','620'),(127,'Alvin and the Chipmunks: Chipwrecked',2011,'Dave Seville (Jason Lee), the Chipmunks (Justin Long, Matthew Gray Gubler, Jesse McCartney) and the Chipettes are taking a luxury cruise to the International Music Awards. Of course, Alvin cannot resist the urge to create havoc, and the singing rodents soon find themselves marooned on a seemingly deserted island. While Dave and an unlikely ally launch a search, Alvin and company discover that they are not alone on the island, as they first thought.','514'),(128,'Red Tails',2012,'During World War II, the Civil Aeronautics Authority selects 13 black cadets to become part of an experimental program at the Tuskegee Institute in Alabama. The program aims at training \"colored personnel\" to become fighter pilots for the Army. However, discrimination, lack of institutional support and the racist belief that these men lacked the intelligence and aptitude for the job dog their every step. Despite this, the Tuskegee Airmen, as they become known, more than prove their worth.','511'),(129,'Rocketman',2019,'Young Reginald Dwight changes his name to Elton John and collaborates with singer-songwriter Bernie Taupin to become one of the most iconic figures in pop history. Set to his most beloved songs, it\'s the epic musical story of Elton John, his breakthrough years in the 1970s and his fantastical transformation from shy piano prodigy to international superstar.','598'),(130,'Harina',2018,'Un profesional de clase media intenta comprar alimentos en medio de una crisis económica y humanitaria, pero debe enfrentar un dilema moral.','517'),(131,'The Front Runner',2018,'Gary Hart, former senator of Colorado, becomes the front-runner for the Democratic presidential nomination in 1987. Hart\'s intelligence, charisma and idealism makes him popular with young voters, leaving him with a seemingly clear path to the White House. All that comes crashing down when allegations of an extramarital affair surface in the media, forcing the candidate to address a scandal that threatens to derail his campaign and personal life.','582'),(132,'Stop! Or My Mom Will Shoot',1992,'Smarting from a romantic breakup, macho police Sgt. Joe Bomowski (Sylvester Stallone) gets a cross-country visit from his mother, Tutti (Estelle Getty). Her misguided efforts to help only fray his nerves, but that doesn\'t stop her from nagging Joe to be more open about his feelings toward his ex-girlfriend and current boss, Lt. Gwen Harper (JoBeth Williams). When Tutti witnesses a brutal multiple murder, she takes her meddling to the extreme by tagging along to help her son solve the case.','558'),(133,'La hermandad',2014,'Sara, una escritora de novelas de intriga, se ve envuelta en un misterioso accidente automovilístico. Mientras se recupera en un monasterio, empieza a notar que suceden cosas extrañas.','982'),(134,'BOO!',2018,'A torn suburban family refuses to heed the warning of an innocent prank which causes an unknown supernatural force to wreak havoc.','583'),(135,'Pups United',2015,'A group of talking dogs team up to save the Youth World Cup soccer finals.','521'),(136,'The Sun Is Also a Star',2019,'College-bound romantic Daniel Bae and Jamaica-born pragmatist Natasha Kingsley meet -- and fall for each other -- over one magical day amidst the fervor and flurry of New York City. Sparks immediately fly between these two strangers, who might never have met had fate not given them a little push. With just hours left on the clock in what looks to be her last day in the U.S., Natasha is fighting against her family\'s deportation just as fiercely as she\'s fighting her growing feelings for Daniel.','538'),(137,'Star Trek V: The Final Frontier',1989,'A renegade Vulcan makes Kirk (William Shatner), Spock (Leonard Nimoy), McCoy (DeForest Kelley) and the Enterprise go to a planet at the center of the galaxy.','596'),(138,'Irresistible',2006,'Una exitosa mujer (Susan Sarandon) cree que una compañera de trabajo (Emily Blunt) de su esposo (Sam Neill) intenta destruir a su familia.','661'),(139,'The Lovely Bones',2009,'After being brutally murdered, 14-year-old Susie Salmon (Saoirse Ronan) watches from heaven over her grief-stricken family (Mark Wahlberg, Rachel Weisz) -- and her killer (Stanley Tucci). As she observes their daily lives, she must balance her thirst for revenge with her desire for her family to heal.','532'),(140,'That Thing You Do!',1996,'Wily band manager Mr. White helps a small town band achieve big time success when they release a Beatles-style pop song in 1964. Pennsylvania band the \"Oneders\" become a sensation after their drummer breaks his arm, and is replaced by jazz enthusiast, Guy Patterson, who injects something a bit different into their music.','513'),(141,'Chori Chori Chupke Chupke',2000,'Three people (Salman Khan, Rani Mukherjee, Preity Zinta) have a strange association.','1532'),(142,'Mano de obra',2019,'Francisco y un grupo del albañiles buscan justicia tras la muerte de un compañero de trabajo. No solo exigen una indemnización justa, sino que además reclaman una vida con menos carencias y opresión.','517'),(143,'The Warriors',1979,'A turf battle between New York City street gangs that rages from Coney Island to the Bronx. The Warriors are mistakenly fingered for the killing of a gang leader. Soon they have every gang in the city out to get revenge and they must make their way across the city to their own turf.','540'),(144,'Miss Peregrine\'s Home for Peculiar Children',2016,'When his beloved grandfather leaves Jake clues to a mystery that spans different worlds and times, he finds a magical place known as Miss Peregrine\'s School for Peculiar Children. But the mystery and danger deepen as he gets to know the residents and learns about their special powers - and their terrifying enemies. Ultimately, Jake discovers that only his own special peculiarity can save his new friends. Based on the novel \"Miss Peregrine\'s Home For Peculiar Children,\" written by Ransom Riggs.','083'),(145,'Miss Peregrine\'s Home for Peculiar Children',2016,'When his beloved grandfather leaves Jake clues to a mystery that spans different worlds and times, he finds a magical place known as Miss Peregrine\'s School for Peculiar Children. But the mystery and danger deepen as he gets to know the residents and learns about their special powers - and their terrifying enemies. Ultimately, Jake discovers that only his own special peculiarity can save his new friends. Based on the novel \"Miss Peregrine\'s Home For Peculiar Children,\" written by Ransom Riggs.','632'),(146,'Smokey and the Bandit II',1980,'Folk hero the Bandit has fallen on bad times but comes to life when he is hired to help transport a pregnant elephant to a Republican convention in Dallas. Arch-enemy Sheriff Buford T. Justice catches wind of the deal and resolves to spoil the Bandit\'s comeback.','572'),(147,'The Bourne Identity',2002,'The story of a man (Matt Damon), salvaged, near death, from the ocean by an Italian fishing boat. When he recuperates, the man suffers from total amnesia, without identity or background... except for a range of extraordinary talents in fighting, linguistic skills and self-defense that speak of a dangerous past. He sets out on a desperate search-assisted by the initially rebellious Marie (Franka Potente) - to discover who he really is, and why he\'s being lethally pursued by assassins.','060'),(148,'The Bourne Identity',2002,'The story of a man (Matt Damon), salvaged, near death, from the ocean by an Italian fishing boat. When he recuperates, the man suffers from total amnesia, without identity or background... except for a range of extraordinary talents in fighting, linguistic skills and self-defense that speak of a dangerous past. He sets out on a desperate search-assisted by the initially rebellious Marie (Franka Potente) - to discover who he really is, and why he\'s being lethally pursued by assassins.','102'),(149,'Sanam Bewafa',1991,'Salman falls in love with Ruksar but their fathers, despite being neighbours, are sworn enemies. The couple end up marrying but they are shocked when they finally discover the reason why their fathers allow the marriage to take place.','1539'),(150,'Saved!',2004,'Mary (Jena Malone) is a devout girl at a Christian high school, dating Dean (Chad Faust). But her perfect world begins to fall apart when Dean reveals that he\'s gay. She receives a vision from Jesus and tries everything she can to help Dean, including offering her virginity. Unfortunately, Dean is sent to a treatment center to \"cure\" him, and Mary discovers she\'s pregnant. When her friends turn on her, she finds solace with school misfits Roland (Macaulay Culkin) and Cassandra (Eva Amurri).','571'),(151,'A Fairly Odd Movie: Grow Up, Timmy Turner!',2011,'Timmy Turner (Drake Bell), now age 23, must decide whether to grow up or stay in arrested development.','262'),(152,'Irma La Douce',1963,'This entertaining comedy finds disgraced former police officer Nestor Patou (Jack Lemmon) falling for beautiful Parisian prostitute Irma La Douce (Shirley MacLaine). Though Nestor becomes Irma\'s pimp, he can\'t stand the idea of her being with clients, so he devises a way to keep her all to himself. This scheme leads to plenty of trouble, however, and soon Nestor is forced to avoid his old law-enforcement peers in an attempt to stay with Irma and out of jail.','633'),(153,'Slaughterhouse Rulez',2018,'A British boarding school turns into a battleground when unspeakable horrors emerge from the ground.','609'),(154,'La revolución',2016,'Una organización criminal de narcotraficantes liderada por Pablo Ruiz se ha apoderado de varias regiones de Michoacán y ha dejado una huella de terror y destrucción a su paso. El pueblo comienza a perder fe en que algún día la paz regrese.','972'),(155,'Pandorum',2009,'Astronauts Payton (Dennis Quaid) and Bower (Ben Foster) awake in a hypersleep chamber with no memory of who they are or what their mission might be. While Payton stays behind to monitor the radio transmitter, Bower ventures out of the chamber into the seemingly abandoned spaceship. The men quickly realize that they are not alone and that the fate of mankind hinges on what they do next.','533'),(156,'Say It Isn\'t So',2001,'Boy (Chris Klein) meets girl (Heather Graham) ; boy falls in love (and had wild, non-stop sex) with girl; boy loses girl... when they discover they are brother and sister! But when he learns that he\'s the victim of the ultimate case of mistaken identity, the lovesick young man -- whom everyone still thinks is after some taboo thrills -- must race across the country to stop her from marrying another man.','515'),(157,'Bridget Jones: The Edge of Reason',2004,'The sequel to \"Bridget Jones\'s Diary\" finds Bridget (Renée Zellweger) working as a TV host and still dating barrister Mark (Colin Firth). But Bridget is jealous of the time Mark spends with a co-worker (Jacinda Barrett), and, despite a vacation meant to smooth things over, ends their relationship. On assignment in Thailand, she has a dalliance with her disreputable ex, Daniel (Hugh Grant), and is temporarily jailed on the false accusation of drug smuggling, before Mark comes to the rescue.','523'),(158,'Once Upon a Time in Mexico',2003,'Return of the mythic guitar-slinging hero, El Mariachi (Antonio Banderas), in the final installment of the Mariachi/Desperado trilogy. The saga continues as El Mariachi makes his way across a rugged landscape on the blood trail of Barrillo (Willem Dafoe), a cartel kingpin with one last score to settle who is planning a coup d\'etat against the president of Mexico. Enlisted by Sands (Johnny Depp), a corrupt CIA agent, El Mariachi demands retribution.','603'),(159,'El lavaplatos',2019,'Un familia se ve envuelta en un gran conflicto tras recibir un mensaje siniestro del cártel que controla la zona en Puerto Peñasco, México.','524'),(160,'Escape Room',2019,'Six adventurous strangers travel to a mysterious building to experience the escape room -- a game where players compete to solve a series of puzzles to win $10,000. What starts out as seemingly innocent fun soon turns into a living nightmare as the four men and two women discover each room is an elaborate trap that\'s part of a sadistic game of life or death.','581'),(161,'Witness',1985,'After witnessing a brutal murder, young Amish boy Samuel (Lukas Haas) and his mother Rachel (Kelly McGillis) seek protection from police officer John Book (Harrison Ford). When Book uncovers evidence of police corruption involving narcotics lieutenant James McFee (Danny Glover), Book must take Rachel and Samuel, and flee to the Amish countryside where Rachel grew up. There, immersed in Amish culture and tradition, Book and Rachel begin a cautious romance.','606'),(162,'Wanderlust',2012,'George (Paul Rudd) and Linda (Jennifer Aniston) have overextended, overstressed lives in Manhattan. After George loses his job, he and Linda have little choice but to move to Atlanta and stay with his terrible brother. On the way, the couple happen upon Elysium, an idyllic counterculture community, where money, careers and clothing are strictly optional. George and Linda think that they can make a fresh start in Elysium, only they may be trading one set of problems for another.','539'),(163,'Shakes the Clown',1991,'The all-clown town of Palukaville provides a colorful backdrop for this tale of an alcoholic funnyman framed for murder.','622'),(164,'Juventud sin Dios',1962,'Un sacerdote se hace entrenador de fútbol de la universidad, el equipo obtiene varias victorias y ayuda a los jóvenes.','979'),(165,'Whip It',2009,'Bliss Cavendar (Ellen Page) lives in small-town Texas and yearns to break free of her mother\'s (Marcia Gay Harden) world of beauty pageants and conformity. She sees her chance when she meets the Hurl Scouts, a roller-derby team; she tries out for the team and wins a slot, lying to her parents about her new hobby. Bliss finds friendship and freedom with her teammates, but a conflict between a championship game and the Bluebonnet beauty pageant threatens to spill her secret.','621'),(166,'A Nightmare on Elm Street 5: The Dream Child',1989,'The fifth installment of the popular franchise focuses on Alice (Lisa Wilcox), a survivor of the fourth, who believes Freddy Krueger (Robert Englund) has been eliminated for good. She optimistically hopes to start a life with fellow survivor Dan (Danny Hassel). The nightmares begin soon enough, though, and Alice learns she is pregnant. When her friends start dying, Alice suspects that Freddy is using the fetus within her as a weapon. Can she fight the demon while protecting her unborn child?','058'),(167,'A Nightmare on Elm Street 5: The Dream Child',1989,'The fifth installment of the popular franchise focuses on Alice (Lisa Wilcox), a survivor of the fourth, who believes Freddy Krueger (Robert Englund) has been eliminated for good. She optimistically hopes to start a life with fellow survivor Dan (Danny Hassel). The nightmares begin soon enough, though, and Alice learns she is pregnant. When her friends start dying, Alice suspects that Freddy is using the fetus within her as a weapon. Can she fight the demon while protecting her unborn child?','111'),(168,'Open Season 2',2008,'Animals band (Mike Epps, Joel McHale) together to rescue a kidnapped dachshund (Cody Cameron) from a group of domesticated pets.','584'),(169,'Daddy\'s Home',2015,'Brad Whitaker (Will Ferrell) is a kindhearted radio executive who wants to be the best possible stepfather to his wife\'s (Linda Cardellini) two children. When her freewheeling ex-husband, Dusty (Mark Wahlberg), breezes back into town, Brad\'s feeling of insecurity quickly develops into an inferiority complex. As Dusty demonstrates his flair for athletics, home repair and bad-boy charisma, Whitaker finds himself in a no-holds-barred battle to one-up his rival and win the approval of his family.','068'),(170,'Daddy\'s Home',2015,'Brad Whitaker (Will Ferrell) is a kindhearted radio executive who wants to be the best possible stepfather to his wife\'s (Linda Cardellini) two children. When her freewheeling ex-husband, Dusty (Mark Wahlberg), breezes back into town, Brad\'s feeling of insecurity quickly develops into an inferiority complex. As Dusty demonstrates his flair for athletics, home repair and bad-boy charisma, Whitaker finds himself in a no-holds-barred battle to one-up his rival and win the approval of his family.','108'),(171,'The Nutty Professor',1996,'Brilliant and obese scientist Sherman Klump (Eddie Murphy) invents a miraculous weight-loss solution. After a date with chemistry student Carla Purty (Jada Pinkett) goes badly, a depressed Klump tries the solution on himself. Though he instantly loses 250 pounds, the side effects include a second personality: an obnoxiously self-assertive braggart who calls himself Buddy Love. Buddy proves to be more popular than Sherman, but his arrogance and bad behavior quickly spiral out of control.','029'),(172,'The Nutty Professor',1996,'Brilliant and obese scientist Sherman Klump (Eddie Murphy) invents a miraculous weight-loss solution. After a date with chemistry student Carla Purty (Jada Pinkett) goes badly, a depressed Klump tries the solution on himself. Though he instantly loses 250 pounds, the side effects include a second personality: an obnoxiously self-assertive braggart who calls himself Buddy Love. Buddy proves to be more popular than Sherman, but his arrogance and bad behavior quickly spiral out of control.','181'),(173,'Red Tails',2012,'Durante la Segunda Guerra Mundial, la Autoridad de Aeronáutica Civil selecciona a 13 cadetes negros para que formen parte de un programa experimental en el Instituto Tuskegee en Alabama. El programa entrena a personal de color para convertirlos en pilotos del ejército. Sin embargo, la discriminación, la falta de apoyo institucional y la creencia racista de su falta de inteligencia y aptitud para el trabajo complican cada paso. A pesar de ello, los Tuskegee Airmen prueban su gran valor.','524'),(174,'The Upside',2017,'Phillip is a wealthy quadriplegic who needs a caretaker to help him with his day-to-day routine in his New York penthouse. He decides to hire Dell, a struggling parolee who\'s trying to reconnect with his ex and his young son. Despite coming from two different worlds, an unlikely friendship starts to blossom as fun-loving Dell shows curmudgeonly Phillip that life is worth living.','555'),(175,'Testament of Youth',2014,'During World War I, Oxford University student Vera Brittain (Alicia Vikander) postpones her studies to serve as a nurse while her suitor, her brother and a secret admirer face death in the trenches.','585'),(176,'Blinded by the Light',2019,'Javed is a Pakistani teenager who experiences racial and economic turmoil while living in Luton, England, in 1987. He writes poetry as a way to escape the intolerance of his hometown and the stubborn views of his traditional father. When a classmate introduces him to the music of Bruce Springsteeen, Javed sees parallels between the singer\'s powerful lyrics and his own working-class environment. Springsteen\'s melodies soon inspire Javed to find his own voice and follow his dreams.','518'),(177,'Three Kings',1999,'Just after the end of the Gulf War, four American soldiers decide to steal a cache of Saddam Hussein\'s hidden gold. Led by cynical Sergeant Major Archie Gates (George Clooney), three of the men are rescued by rebels, but Sergeant Troy Barlow (Mark Wahlberg) is captured and tortured by Iraqi intelligence. The Iraqi rebels beg for the American trio to help fight against the impending arrival of Hussein\'s Elite Guard. The men agree to fight in return for help rescuing Troy.','595'),(178,'Neutrón contra el criminal sádico',1960,'El luchador mexicano, Neutrón, se enfrenta con el malvado Dr. Caronte quien es una amenaza para la paz del mundo.','980'),(179,'Stay Alive',2006,'Teenagers decide to pass idle time by playing an online game that has a horror theme. But the action taking place on their computer screens becomes a terrifying reality when they realize that each time a character dies during the game, the figure\'s human overseer dies as well.','542'),(180,'Awakenings',1990,'The story of a doctor\'s extraordinary work in the Sixties with a group of catatonic patients he finds languishing in a Bronx hospital. Speculating that their rigidity may be akin to an extreme form of Parkinsonism, he seeks permission from his skeptical superiors to treat them with L-dopa, a drug that was used to treat Parkinson\'s disease at the time.','602'),(181,'Sgt. Pepper\'s Lonely Hearts Club Band',1978,'This musical, set to late-period Beatles hits, recounts the story of Sgt. Pepper\'s famed musical group, which found success during World War I bringing music to weary soldiers in the field. The band\'s leader has since died and now it\'s up to his grandson, Billy Shears (Peter Frampton), to carry on the group\'s traditions. To this end, he recruits the Henderson brothers (Barry Gibb, Robin Gibb, Maurice Gibb) to help him defend the group\'s magic instruments from nefarious crook B.D. Hoffler.','623'),(182,'Una Taza de Amor',2016,'Una joven científica viaja a Colombia en busca del café perfecto. Allí conocerá a Diego, el productor de un cafetal con quien surgirá el amor gracias al trabajo en común.','971'),(183,'The Masque of the Red Death',1964,'A tyrannical 12th-century prince is intrigued by a girl and takes her to live amid the immorality of his court.','640'),(184,'Mississippi Burning',1988,'When a group of civil rights workers goes missing in a small Mississippi town, FBI agents Alan Ward (Willem Dafoe) and Rupert Anderson (Gene Hackman) are sent in to investigate. Local authorities refuse to cooperate with them, and the African American community is afraid to, precipitating a clash between the two agents over strategy. As the situation becomes more volatile, the direct approach is abandoned in favor of more aggressive, hard-line tactics.','535'),(185,'Fallaste Corazón',1970,'Una madre soltera se casa con un hombre pobre sólo para darle un apellido a su hijo pero esto desilusiona a su esposo.','985'),(186,'The Others',2001,'Grace (Nicole Kidman), the devoutly religious mother of Anne (Alakina Mann) and Nicholas (James Bentley), moves her family to the English coast during World War II. She awaits word on her missing husband while protecting her children from a rare photosensitivity disease that causes the sun to harm them. Anne claims she sees ghosts, Grace initially thinks the new servants are playing tricks but chilling events and visions make her believe something supernatural has occurred.','537'),(187,'Rising Sun',1993,'When a prostitute is found dead in a Los Angeles skyscraper occupied by a large Japanese corporation, detectives John Conner (Sean Connery) and Web Smith (Wesley Snipes) are called in to investigate. Although Conner has previous experience working in Japan, cultural differences make their progress difficult until a security disc showing the murder turns up. Close scrutiny proves the disc has been doctored, and the detectives realize they\'re dealing with a cover-up as well.','604'),(188,'Chain Reaction',1996,'At a Chicago university, a research team that includes brilliant Eddie Kasalivich (Keanu Reeves) experiences a breakthrough: a stable form of fusion that may lead to a waste-free energy source. However, Dr. Paul Shannon (Morgan Freeman) has ties to a private company that wants to exploit the technology, so Kasalivich and Dr. Lily Sinclair (Rachel Weisz) are framed for murder, and the fusion device is stolen. On the run from the FBI, they must recover the technology and exonerate themselves.','551'),(189,'An Officer and a Gentleman',1982,'Zack Mayo (Richard Gere), a new member of the U.S. Navy, has a bad attitude. When he signs up for the Aviation Academy, he is met with the strict leadership of Sgt. Emil Foley (Louis Gossett Jr.), who gives Zack a rude awakening in terms of relating with other people. Through Foley\'s guidance -- and an unexpected romance with Paula (Debra Winger), an outsider who hangs around the naval base -- Zack learns some tough lessons and discovers what he truly wants out of life.','552'),(190,'LOL',2012,'Una joven intenta enfrentar las presiones de su romance y amistades en la escuela secundaria mientras esquiva a su madre sobreprotectora.','536'),(191,'LOL',2012,'In a world where connections via Facebook, Twitter and other social media networks are the norm, high-school student Lola (Miley Cyrus) is trying to navigate her way through the usual teen pressures of romance, friendship and overprotective parents (Demi Moore, Thomas Jane). Broken-hearted by a break-up with her boyfriend, Lola\'s world turns upside-down when she realizes that her best friend, Kyle (Douglas Booth), could actually be the love of her life.','531'),(192,'Brahms: The Boy II',2020,'Terror strikes when a boy discovers a doll that appears to be eerily human.','554'),(193,'My Daughter\'s Ransom',2019,'A kidnapper plays a twisted psychological mind game with a frantic mother who witnessed him abducting her young daughter.','076'),(194,'My Daughter\'s Ransom',2019,'A kidnapper plays a twisted psychological mind game with a frantic mother who witnessed him abducting her young daughter.','630'),(195,'Bad Boys II',2003,'The drug ecstasy is flowing into Miami, and the police want it stopped. Police Detective Marcus Burnett (Martin Lawrence) and his partner, Mike Lowrey (Will Smith), are just the men to do it. They track the drugs to a Cuban smuggler, Johnny Tapia (Jordi Mollà), who is also involved in a bloody war with Russian and Haitian mobsters. If that isn\'t bad enough, there\'s tension between the two cops because Lowrey is romantically involved with Burnett\'s sister, Syd (Gabrielle Union).','063'),(196,'Bad Boys II',2003,'The drug ecstasy is flowing into Miami, and the police want it stopped. Police Detective Marcus Burnett (Martin Lawrence) and his partner, Mike Lowrey (Will Smith), are just the men to do it. They track the drugs to a Cuban smuggler, Johnny Tapia (Jordi Mollà), who is also involved in a bloody war with Russian and Haitian mobsters. If that isn\'t bad enough, there\'s tension between the two cops because Lowrey is romantically involved with Burnett\'s sister, Syd (Gabrielle Union).','105'),(197,'Geostorm',2017,'After an unprecedented series of natural disasters threatened the planet, the world\'s leaders came together to create an intricate network of satellites to control the global climate and keep everyone safe. But now, something has gone wrong: the system built to protect Earth is attacking it, and it becomes a race against the clock to uncover the real threat before a worldwide geostorm wipes out everything and everyone along with it.','067'),(198,'Geostorm',2017,'After an unprecedented series of natural disasters threatened the planet, the world\'s leaders came together to create an intricate network of satellites to control the global climate and keep everyone safe. But now, something has gone wrong: the system built to protect Earth is attacking it, and it becomes a race against the clock to uncover the real threat before a worldwide geostorm wipes out everything and everyone along with it.','103'),(199,'Christmas Next Door',2017,'Eric Randall, an author of bachelor lifestyle books, is left in charge of his young niece and nephew for the holidays. Unsure of himself, Eric turns to his neighbor April, a lover of all things Christmas, for help.','039'),(200,'Christmas Next Door',2017,'Eric Randall, an author of bachelor lifestyle books, is left in charge of his young niece and nephew for the holidays. Unsure of himself, Eric turns to his neighbor April, a lover of all things Christmas, for help.','123'),(201,'Blurt',2018,'When Jeremy puts on virtual reality glasses, he loses his \"inside voice\" and starts speaking every thought out loud. Desperate to get back to normal, Jeremy and his sister must figure out how to convince his brain that he can speak up for himself.','262'),(202,'Operation Christmas',2016,'A single mother is determined not to let her boyfriend\'s deployment ruin her Christmas. She and her children decide to give back to other struggling military families on base.','051'),(203,'Operation Christmas',2016,'A single mother is determined not to let her boyfriend\'s deployment ruin her Christmas. She and her children decide to give back to other struggling military families on base.','629'),(204,'Hometown Christmas',2018,'A woman has big plans to resurrect her town\'s live nativity, a beloved tradition that her late mother used to organize. Things become complicated, however, when she realizes she\'ll have to work with her former high school sweetheart.','026'),(205,'Hometown Christmas',2018,'A woman has big plans to resurrect her town\'s live nativity, a beloved tradition that her late mother used to organize. Things become complicated, however, when she realizes she\'ll have to work with her former high school sweetheart.','170'),(206,'Wayne\'s World 2',1993,'After Wayne Campbell (Mike Myers) has a dream in which Jim Morrison tells him to put on a rock concert, he and fellow late-night TV star Garth Algar (Dana Carvey) try their hand at promoting. Several musical acts show little interest, leaving the pair uncertain about their ability to put on a successful show. Meanwhile, Cassandra (Tia Carrere), Wayne\'s rockstar girlfriend, has a new manager (Christopher Walken) who is trying to steal her away, and Wayne\'s antics only make things worse.','597'),(207,'Santa Buddies',2009,'Budderball, B-Dawg, Rosebud, Buddha, and Mudbud help Puppy Paws, the feisty son of Santa Paws, to remember the true meaning of Christmas.','514'),(208,'Unfaithful',2002,'Described by director Adrian Lyne (\"Fatal Attraction\") as \"an erotic thriller about the body language of guilt.\" When Edward (Richard Gere) innocently learns that his wife Connie (Diane Lane) has lied to him about an affair, suspicion propels him to uncover the devastating details of her infidelity. Tormented by the knowledge, he confronts her lover, only to discover a level of rage within himself that he could never have imagined.','534'),(209,'Intimate Strangers',2004,'When a beautiful woman named Anna (Sandrine Bonnaire) mistakes a psychiatrist\'s office for that of tax attorney William (Fabrice Luchini), she unwittingly confesses her deepest and darkest secrets to a perfect stranger. Sexually repressed and lonely, William doesn\'t have the courage to reveal his true identity to Anna. Maintaining the deception, William begins to enjoy the fake therapy sessions. Every week, the pair meet, and they forge an odd and erotic relationship.','557'),(210,'La La Land',2016,'Sebastian (Ryan Gosling) and Mia (Emma Stone) are drawn together by their common desire to do what they love. But as success mounts they are faced with decisions that begin to fray the fragile fabric of their love affair, and the dreams they worked so hard to maintain in each other threaten to rip them apart.','516'),(211,'The Debt',2010,'In 1965, young Mossad agent Rachel Singer (Jessica Chastain) and two comrades (Sam Worthington, Marton Csokas) are involved in a secret mission to capture a Nazi war criminal known as the Surgeon of Birkenau (Jesper Christensen). The mission ends with the man\'s death on the streets of East Berlin. Thirty years later, a man claiming to be the doctor has appeared, and Rachel (Helen Mirren), haunted by memories of past events, must return to Eastern Europe to uncover the truth.','541'),(212,'Fletch',1985,'A veritable chameleon, investigative reporter Irwin \"Fletch\" Fletcher (Chevy Chase) might drive his editor (Richard Libertini) up the wall, but he always produces great pieces for the newspaper. When his next story is about the drug trade taking place on the beach, Fletch goes undercover as a homeless man. Unaware of Fletch\'s true identity, businessman Alan Stanwyk (Tim Matheson) offers Fletch $50,000 to kill him. Intrigued, Fletch decides to unearth the full story behind the offer.','558'),(213,'The Benchwarmers',2006,'A baseball-loving millionaire (Jon Lovitz) helps three inept nerds (David Spade, Rob Schneider, Jon Heder) form a baseball team to compete with the meanest bullies in the Little League. One of the trio becomes the hero of nerds everywhere, until his fans learn that he was once a bully too.','620'),(214,'Cloudy With a Chance of Meatballs 2',2013,'Flint Lockwood descubre que su máquina más famosa ahora está creando híbridos entre alimentos y animales y, junto con sus amigos, se lanzan a la aventura de salvar al mundo de estas extrañas criaturas.','973'),(215,'The Adventures of Tom Thumb & Thumbelina',2002,'Two infants are abducted from the kingdom of little people in the heart of the magical forest, and taken away with a traveling circus. The boy, Tom Thumb, manages to escape, but Thumbelina is left captive. When she breaks free, she bumps into Tom Thumb, who she doesn\'t recognize except for noticing that he is also only six inches tall.','521'),(216,'Stay',2005,'Sam Foster (Ewan McGregor), a psychiatrist, has a new patient, Henry Letham (Ryan Gosling), who claims to be suicidal. In trying to diagnose him, Sam visits Henry\'s prior therapist (Janeane Garofalo) and also finds Henry\'s mother -- even though Henry has said that he murdered both of his parents. As reality starts to contradict fact, Sam spirals into an unstable mental state. Then he finds a clue as to how and when Henry may try to kill himself, and races to try to stop him.','520'),(217,'Much Ado About Nothing',2012,'After a successful campaign against his rebellious brother, Don John (Sean Maher), Don Pedro (Reed Diamond) visits the governor of Messina. With him are Benedick (Alexis Denisof) and Claudio (Fran Kranz). While there, Claudio falls for the governor\'s daughter, Hero (Jillian Morgese), while Benedick engages in a war of words with Beatrice (Amy Acker), the governor\'s niece. While Don Pedro tries to trick Benedick and Beatrice into falling in love, Don John tries to tear Claudio and Hero apart.','522'),(218,'Mo\' Money',1992,'After petty criminal Johnny (Damon Wayans) falls for the lovely Amber (Stacey Dash), he decides to stop breaking the law and gets a gig at his crush\'s workplace in order to get closer to her, thus proving that he\'s a stand-up guy. Soon, he learns that going straight doesn\'t pay very well, so he decides to nab a company credit card and show off his newfound wealth to Amber. Unfortunately, a blackmailer catches Johnny and forces him to commit a crime that is far from small.','583'),(219,'Esteban',2016,'Esteban es un niño de nueve años que descubre por casualidad su talento innato para la música. A pesar de las dificultades para alcanzar el sueño de convertirse en músico, su perseverancia transformará su mundo y el de los que lo rodean.','982'),(220,'Deuces Wild',2002,'Leon (Stephen Dorff) and Bobby (Brad Renfro) are brothers who, with their friends, are determined to maintain the way of life in their neighborhood. They are \"The Deuces,\" trying to keep things the way they are. Loyalty means everything to them, and protecting friends and family is their main priority. Now, when a violent gang threatens to destroy their neighborhood, the Deuces are forced to fight to shield the world they know from becoming a world they want no part of.','599'),(221,'Tupac: Resurrection',2003,'Using interviews, photographs and home movies, this documentary presents the life of rapper Tupac Shakur. His mother, Afeni, is a Black Panther who spends part of her pregnancy in jail. Growing up in a politicized atmosphere, Shakur attends a performing arts high school in Baltimore, where he begins rapping. Success comes early, as do a series of legal problems, with arrests and accusations of violence against women leading up to his meteoric rise to fame and still-unsolved 1996 murder.','169'),(222,'Tupac: Resurrection',2003,'Using interviews, photographs and home movies, this documentary presents the life of rapper Tupac Shakur. His mother, Afeni, is a Black Panther who spends part of her pregnancy in jail. Growing up in a politicized atmosphere, Shakur attends a performing arts high school in Baltimore, where he begins rapping. Success comes early, as do a series of legal problems, with arrests and accusations of violence against women leading up to his meteoric rise to fame and still-unsolved 1996 murder.','900'),(223,'The Patriot',2000,'Mel Gibson portrays Benjamin Martin, an unassuming man who is forced to join the American Revolution when the British threaten to take his farm away from him. Together with his patriotic son, Gabriel, the pair faces the vicious Redcoats with a heroism that reflects the stubborn pride of a young country\'s most dedicated supporters.','086'),(224,'The Patriot',2000,'Mel Gibson portrays Benjamin Martin, an unassuming man who is forced to join the American Revolution when the British threaten to take his farm away from him. Together with his patriotic son, Gabriel, the pair faces the vicious Redcoats with a heroism that reflects the stubborn pride of a young country\'s most dedicated supporters.','110'),(225,'Ciao',2008,'A man learns that his late friend had a secret online lover who is on the way from Italy.','1849'),(226,'Los investigadores fantasmachines',2018,'Dos investigadores fraudulentos de actividad paranormal se enfrentan a un caso en las que unas diablas muy sexis retienen un tesoro y su intención es sacar provecho de la situación.','972'),(227,'Mystery Date',1991,'Teenage Tom McHugh (Ethan Hawke) is madly in love with his ravishing next-door neighbor, Geena Matthews (Teri Polo), but becomes hopelessly tongue-tied whenever she\'s around. When his parents go away on an impromptu road trip, his suave law student brother shows up and begins coaching Tom on how to pick up women. Things are going great until Tom discovers a body in the trunk of his brother\'s car, and his perfect date with Geena takes multiple turns for the worse.','538'),(228,'The Return',2006,'Joanna Mills (Sarah Michelle Gellar) has a successful career but feels her personal life is spinning out of control. She has few friends, an estranged father (Sam Shepard), and a crazy ex-boyfriend who is stalking her. Joanna begins having terrifying visions of a woman\'s murder, and it seems that she is the killer\'s next target. Determined to solve the mystery and escape her apparent fate, Joanna follows her visions to the victim\'s hometown and finds that some secrets just do not stay buried.','540'),(229,'Run With the Hunted',2020,'After landing a job with a curmudgeonly private investigator, a woman becomes determined to track down the boy who saved her life as a child and then disappeared.','556'),(230,'Dazed and Confused',1993,'This coming-of-age film follows the mayhem of group of rowdy teenagers in Austin, Texas, celebrating the last day of high school in 1976. The graduating class heads for a popular pool hall and joins an impromptu keg party, however star football player Randall \"Pink\" Floyd (Jason London) has promised to focus on the championship game and abstain from partying. Meanwhile, the incoming freshmen try to avoid being hazed by the seniors, most notably the sadistic bully Fred O\'Bannion (Ben Affleck).','571'),(231,'Mr. Baseball',1992,'A professional American baseball player whose career is on the wane, Jack Elliot (Tom Selleck) gets traded to the Dragons, a Japanese team. Openly unhappy about the change, Elliott isn\'t eager to adapt to a new culture and proceeds to get on the bad side of his teammates, including one other American, Max \"Hammer\" Dubois (Dennis Haysbert). Eventually, Elliott decides to make a real effort, attempting to improve his game and his attitude, but will it be enough to help lead his team to victory?','586'),(232,'Bad Boys for Life',2020,'The wife and son of a Mexican drug lord embark on a vengeful quest to kill all those involved in his trial and imprisonment -- including Miami Detective Mike Lowrey. When Mike gets wounded, he teams up with partner Marcus Burnett and AMMO -- a special tactical squad -- to bring the culprits to justice. But the old-school cops must soon learn to get along with their new elite counterparts if they are to take down the vicious cartel that threatens their lives.','582'),(233,'Run This Town',2019,'A journalist and a political aide become entangled in a larger-than-life scandal.','572'),(234,'Star Trek: Insurrection',1998,'A Federation mission to the planet Ba\'ku takes a dangerous turn when a malfunctioning android, Data (Brent Spiner), takes a cultural task force hostage. When Capt. Picard (Patrick Stewart) and his crew investigate, they uncover the truth about the Federation mission: It was actually a systematic ploy by the Son\'a to displace the peaceful inhabitants of Ba\'ku. Now Picard and his crew must thwart the plot even while experiencing strange side effects from exposure to the planet\'s surface.','598'),(235,'Beginners',2010,'After his mother dies, Oliver (Ewan McGregor) is stunned when his father, Hal (Christopher Plummer), recently diagnosed with terminal cancer, comes out of the closet. When Hal passes away a few years later, Oliver grows depressed, struggling with his failing career as an artist while constantly remembering his childhood and time spent with his dad. Oliver\'s loneliness is eased when he meets actress Anna (Mélanie Laurent), but their relationship is threatened by their mutual fear of commitment.','515'),(236,'The Last Stand',2013,'Once a narcotics officer in the LAPD, Ray Owens (Arnold Schwarzenegger) has settled into a peaceful life as sheriff of Sommerton Junction, a quiet border town. But that peace is shattered when Gabriel Cortez, a vicious crime lord, escapes from FBI custody and speeds toward Ray\'s town with a band of mercenaries. Federal agents prepare to capture Cortez, and Ray is at first reluctant to get involved -- but he soon finds he must rally his team and take matters into his own hands.','596'),(237,'Bat 21',1988,'Lt. Col. Iceal Hambleton (Gene Hackman) is shot down behind enemy lines during the waning days of the Vietnam War. His only connection to the outside world is through radio transmission with Capt. Bartholomew \"Bird-Dog\" Clark (Danny Glover), a pilot who helps him craft an escape plan and maintain his sanity. Lacking survival skills and unfamiliar with the harsh terrain in Vietnam, Hambleton is forced to fight for his life as he witnesses the shocking horrors of war.','605'),(238,'Getting Even With Dad',1994,'Con man Ray Gleason (Ted Danson) is going after one last heist -- a stash of rare coins -- when his estranged son, Timmy (Macaulay Culkin), unexpectedly shows up. Ray is too busy with his robbery to spend much time with his son, so Timmy decides to blackmail Ray into acting like a father. He hides the coins and promises to give them back only after Ray takes him to amusement parks and baseball games. All the while, Detective Theresa Walsh (Glenne Headly) is closing in on Ray.','584'),(239,'Dirty Rotten Scoundrels',1988,'Con artist Lawrence Jamieson (Michael Caine) is a longtime resident of a luxurious coastal resort, where he enjoys the fruits of his deceptions -- that is, until a competitor, Freddy Benson (Steve Martin), shows up. When the new guy\'s lowbrow tactics impinge on his own work, Jamieson resolves to get rid of him. Confident of his own duplicitous talents, Jamieson challenges Benson to a winner-takes-all competition: whoever swindles their latest mark first can stay, while the other must leave town.','609'),(240,'Godzilla: King of the Monsters',2019,'Members of the crypto-zoological agency Monarch face off against a battery of god-sized monsters, including the mighty Godzilla, who collides with Mothra, Rodan, and his ultimate nemesis, the three-headed King Ghidorah. When these ancient super-species-thought to be mere myths-rise again, they all vie for supremacy, leaving humanity\'s very existence hanging in the balance.','513'),(241,'Gunfight in Abilene',1967,'Gun shy after killing a friend, a former Confederate officer (Bobby Darin) reluctantly becomes sheriff.','622'),(242,'Dead Silence',2007,'After his wife meets a grisly end, Jamie Ashen (Ryan Kwanten) returns to their creepy hometown of Ravens Fair to unravel the mystery of her murder. Once there, he discovers the legend of Mary Shaw (Joan Heney), a murdered ventriloquist whose eerie presence still looms over the town. As he desperately digs for answers, Jamie encounters the curse that took his wife\'s life and threatens his own.','533'),(243,'Jóvenes y bellas',1961,'Un grupo de padres decide mandar a sus hijas a un campamento para alejarlas de la música rock, pero ahí hallan novio.','935'),(244,'Predator',1987,'Dutch (Arnold Schwarzenegger), a soldier of fortune, is hired by the U.S. government to secretly rescue a group of politicians trapped in Guatemala. But when Dutch and his team, which includes weapons expert Blain (Jesse Ventura) and CIA agent George (Carl Weathers), land in Central America, something is gravely wrong. After finding a string of dead bodies, the crew discovers they are being hunted by a brutal creature with superhuman strength and the ability to disappear into its surroundings.','603'),(245,'Skyscraper',2018,'Will Sawyer is a former FBI agent and U.S. war veteran who now assesses security for skyscrapers. While he\'s on assignment in China, the world\'s tallest and safest building catches on fire -- and Will gets framed for it. Now a wanted man and on the run, he must find those responsible, clear his name and somehow rescue his family members when they become trapped inside the inferno.','091'),(246,'Skyscraper',2018,'Will Sawyer is a former FBI agent and U.S. war veteran who now assesses security for skyscrapers. While he\'s on assignment in China, the world\'s tallest and safest building catches on fire -- and Will gets framed for it. Now a wanted man and on the run, he must find those responsible, clear his name and somehow rescue his family members when they become trapped inside the inferno.','109'),(247,'Línea de cuatro',2017,'Cuatro amigos se reúnen para ver un partido de la Copa del Mundo en una de sus casas. Como no se han visto por un tiempo, los jóvenes deciden hacer una apuesta para revelar una verdad oculta.','661'),(248,'Moonlight Mile',2002,'When Joe Nast\'s (Jake Gyllenhaal) plans for marriage change due to an unexpected loss, he wants to be the man he believes everyone wants him to be - dutifully bereaved husband-to-be, and perfect would-be son-in-law to Ben (Dustin Hoffman) and JoJo (Susan Sarandon). But when another woman unexpectedly enters his life, he\'s quickly torn between fulfilling his new role and following his heart.','539'),(249,'The Best Years of Our Lives',1946,'Fred, Al and Homer are three World War II veterans facing difficulties as they re-enter civilian life. Fred (Dana Andrews) is a war hero who, unable to compete with more highly skilled workers, has to return to his low-wage soda jerk job. Bank executive Al (Fredric March) gets into trouble for offering favorable loans to veterans. After losing both hands in the war, Homer (Harold Russell) returns to his loving fiancée, but must struggle to adjust.','064'),(250,'The Best Years of Our Lives',1946,'Fred, Al and Homer are three World War II veterans facing difficulties as they re-enter civilian life. Fred (Dana Andrews) is a war hero who, unable to compete with more highly skilled workers, has to return to his low-wage soda jerk job. Bank executive Al (Fredric March) gets into trouble for offering favorable loans to veterans. After losing both hands in the war, Homer (Harold Russell) returns to his loving fiancée, but must struggle to adjust.','631'),(251,'American Sniper',2014,'U.S. Navy SEAL Chris Kyle (Bradley Cooper) takes his sole mission -- protect his comrades -- to heart and becomes one of the most lethal snipers in American history. His pinpoint accuracy not only saves countless lives but also makes him a prime target of insurgents. Despite grave danger and his struggle to be a good husband and father to his family back in the States, Kyle serves four tours of duty in Iraq. However, when he finally returns home, he finds that he cannot leave the war behind.','061'),(252,'American Sniper',2014,'U.S. Navy SEAL Chris Kyle (Bradley Cooper) takes his sole mission -- protect his comrades -- to heart and becomes one of the most lethal snipers in American history. His pinpoint accuracy not only saves countless lives but also makes him a prime target of insurgents. Despite grave danger and his struggle to be a good husband and father to his family back in the States, Kyle serves four tours of duty in Iraq. However, when he finally returns home, he finds that he cannot leave the war behind.','107'),(253,'Tarzan',1999,'In this Disney animated tale, the orphaned Tarzan (Tony Goldwyn) grows up in the remote African wilderness, raised by the gentle gorilla Kala (Glenn Close). When a British expedition enters the jungle, Tarzan encounters the beautiful Jane (Minnie Driver) and recognizes that, like her, he\'s human. Falling in love with Jane, Tarzan is torn between embracing civilization and staying with his gorilla family, which becomes threatened by the ruthless hunter Clayton (Brian Blessed).','037'),(254,'Tarzan',1999,'In this Disney animated tale, the orphaned Tarzan (Tony Goldwyn) grows up in the remote African wilderness, raised by the gentle gorilla Kala (Glenn Close). When a British expedition enters the jungle, Tarzan encounters the beautiful Jane (Minnie Driver) and recognizes that, like her, he\'s human. Falling in love with Jane, Tarzan is torn between embracing civilization and staying with his gorilla family, which becomes threatened by the ruthless hunter Clayton (Brian Blessed).','122'),(255,'Red',2010,'After surviving an assault from a squad of hit men, retired CIA agent Frank Moses (Bruce Willis) reassembles his old team for an all-out war. Frank reunites with old Joe (Morgan Freeman), crazy Marvin (John Malkovich) and wily Victoria (Helen Mirren) to uncover a massive conspiracy that threatens their lives. Only their expert training will allow them to survive a near-impossible mission -- breaking into CIA headquarters.','553'),(256,'Body of Lies',2008,'CIA agent Roger Ferris (Leonardo DiCaprio) hatches a bold but dangerous plan to capture terrorist Al-Saleem. With the help of Ed Hoffman (Russell Crowe) who is a master of subterfuge, Ferris creates a fake terrorist organization to prompt Al-Saleem out of hiding. At the same time, Ferris must keep his plan secret from Hani (Mark Strong), the head of Jordanian intelligence, because Ferris will lose his own life if Hani finds out.','627'),(257,'Eve\'s Bayou',1997,'Over the course of a long, hot Louisiana summer, a 10-year-old black girl, Eve Batiste (Jurnee Smollett), discovers that her family\'s affluent existence is merely a facade. The philandering of her suave doctor father, Louis (Samuel L. Jackson), creates a rift, throwing Eve\'s mother, Roz (Lynn Whitfield), and teenage sister, Cisely (Meagan Good), into emotional turmoil. Eve, though, manages to find some solace with her quirky psychic aunt, Mozelle (Debbi Morgan).','182'),(258,'Moulin Rouge',2001,'A celebration of love and creative inspiration takes place in the infamous, gaudy and glamorous Parisian nightclub, at the cusp of the 20th century. A young poet (Ewan McGregor), who is plunged into the heady world of Moulin Rouge, begins a passionate affair with the club\'s most notorious and beautiful star (Nicole Kidman).','523'),(259,'Days of Thunder',1990,'In the fast-paced world of NASCAR, a rivalry brews between rookie hotshot Cole Trickle (Tom Cruise) and veteran racer Rowdy Burns (Michael Rooker). When both of them are seriously injured in competition, the former bitter rivals become close friends. With Cole\'s spirits restored by a romance with neurosurgeon Dr. Claire Lewicki (Nicole Kidman), and Rowdy still sidelined by injuries, Cole decides to race Rowdy\'s car in the Daytona 500 against underhanded newcomer Russ Wheeler (Cary Elwes).','581'),(260,'Dark Shadows',2012,'In 18th-century Maine, Barnabas Collins (Johnny Depp) presides over the town of Collinsport. A rich and powerful playboy, Barnabas seals his own doom when he breaks the heart of a witch named Angelique (Eva Green). Angelique turns Barnabas into a vampire and buries him alive. Two centuries later, Barnabas escapes from his tomb and finds 1972 Collinsport a very different place. His once-grand estate has fallen into ruin, and the dysfunctional remnants of his family have fared little better.','542'),(261,'Grimm Brothers\' Snow White: A Tale Of Terror',1997,'An innocent young woman finds refuge from her wicked stepmother (Sigourney Weaver) with seven forest-dwelling outcasts.','606'),(262,'Adventures in Babysitting',2016,'Two teenage baby sitters (Sabrina Carpenter, Sofia Carson) and a group of children spend a wild night in the big city.','042'),(263,'Adventures in Babysitting',2016,'Two teenage baby sitters (Sabrina Carpenter, Sofia Carson) and a group of children spend a wild night in the big city.','251'),(264,'Bloodworth',2010,'Three troubled brothers prepare to reunite with the father (Kris Kristofferson) who abandoned them years earlier.','640'),(265,'Winter\'s Bone',2010,'Faced with an unresponsive mother and a criminal father, Ozark teenager Ree Dolly (Jennifer Lawrence) does what she can to manage the household and take care of her two younger siblings. Informed by the sheriff (Garret Dillahunt) that their father put their home up for bond and then disappeared, Ree sets out on a dangerous quest to find him. Her entire family\'s fate now in her hands, Ree challenges her outlaw kin\'s code of silence and risks her life to learn her father\'s fate.','532'),(266,'Calabacitas tiernas',1949,'Accidentalmente, Tin Tan se relaciona con un pícaro empresario arruinado que lo hace pasar por sí mismo para evitar dar la cara ante sus acreedores. En su nueva personalidad, Tin Tan monta un espectáculo musical con hermosas chicas.','979'),(267,'Distinto amanecer',1943,'Dos hombres y una mujer se enfrentan a la corrupción política y a sus propias pasiones.','980'),(268,'The Butterfly Effect',2004,'College student Evan Treborn (Ashton Kutcher) is afflicted with headaches so painful that he frequently blacks out. While unconscious, Evan is able to travel back in time to difficult moments in his childhood. He can also alter the past for friends, like Kayleigh (Amy Smart), who was molested by her father (Eric Stoltz). But changing the past can drastically alter the present, and Evan finds himself in nightmarish alternate realities, including one where he\'s locked away in prison.','621'),(269,'Escape to Athena',1979,'A ragtag group of prisoners -- Italian chef Bruno (Sonny Bono), British archeology professor Blake (David Niven), American soldier Nat (Richard Roundtree) and Greek prostitute Eleana (Claudia Cardinale) -- befriend each other in a Greek POW camp run by Otto Hecht (Roger Moore), an art-loving Nazi officer. With the help of local resistance fighters, the inmates plot to escape and steal valuable artifacts from a heavily guarded monastery that\'s used as a storehouse.','1248'),(270,'Noah',2014,'When God decides that mankind has become too sinful and must be wiped off the Earth, he chooses Noah (Russell Crowe), a pious man, for a great task. Noah must build an ark large enough to hold his wife (Jennifer Connelly), adopted daughter (Emma Watson), sons (Logan Lerman, Douglas Booth, Leo McHugh Carroll) and their wives -- plus breeding pairs of every animal. When the task is completed, Noah and his family witness God\'s wrath in the form of an apocalyptic flood.','058'),(271,'Noah',2014,'When God decides that mankind has become too sinful and must be wiped off the Earth, he chooses Noah (Russell Crowe), a pious man, for a great task. Noah must build an ark large enough to hold his wife (Jennifer Connelly), adopted daughter (Emma Watson), sons (Logan Lerman, Douglas Booth, Leo McHugh Carroll) and their wives -- plus breeding pairs of every animal. When the task is completed, Noah and his family witness God\'s wrath in the form of an apocalyptic flood.','111'),(272,'The Heat',2013,'FBI Special Agent Sarah Ashburn (Sandra Bullock) is a methodical investigator with a long-standing reputation for excellence -- and arrogance. In contrast, foul-mouthed, hot-tempered detective Shannon Mullins (Melissa McCarthy) goes with her gut instincts and street smarts to remove criminals from the streets of Boston. Sparks fly when these polar opposites have to work together to capture a drug lord, but in the process, they become the last thing anyone expected -- buddies.','068'),(273,'The Heat',2013,'FBI Special Agent Sarah Ashburn (Sandra Bullock) is a methodical investigator with a long-standing reputation for excellence -- and arrogance. In contrast, foul-mouthed, hot-tempered detective Shannon Mullins (Melissa McCarthy) goes with her gut instincts and street smarts to remove criminals from the streets of Boston. Sparks fly when these polar opposites have to work together to capture a drug lord, but in the process, they become the last thing anyone expected -- buddies.','108'),(274,'Beverly Hills Chihuahua 3: ¡Viva la Fiesta!',2012,'After moving into a luxurious hotel, canine Papi (George Lopez) tries to help one of his puppies feel more special.','514'),(275,'Bloodsport',1988,'U.S. soldier Frank Dux (Jean-Claude Van Damme) has come to Hong Kong to be accepted into the Kumite, a highly secret and extremely violent martial-arts competition. While trying to gain access into the underground world of clandestine fighters, he also has to avoid military officers who consider him to be AWOL. After enduring a difficult training and beginning a romance with journalist Janice Kent (Leah Ayres), Frank is given the opportunity to fight. But can he survive?','554'),(276,'The Bourne Supremacy',2004,'Jason Bourne (Matt Damon) is living in India when he is framed by Russian agent Kirill (Karl Urban) for the theft of millions from the CIA. Kirill begins to pursue Bourne, intending to assassinate him -- but while Bourne and his girlfriend, Marie (Franka Potente), are on the run, a shot meant for him kills her instead. Vowing revenge, Bourne sets out to prove his innocence and bring the culprits to justice, but he has to evade CIA head Pamela Landry (Joan Allen), who is convinced he is guilty.','060'),(277,'The Bourne Supremacy',2004,'Jason Bourne (Matt Damon) is living in India when he is framed by Russian agent Kirill (Karl Urban) for the theft of millions from the CIA. Kirill begins to pursue Bourne, intending to assassinate him -- but while Bourne and his girlfriend, Marie (Franka Potente), are on the run, a shot meant for him kills her instead. Vowing revenge, Bourne sets out to prove his innocence and bring the culprits to justice, but he has to evade CIA head Pamela Landry (Joan Allen), who is convinced he is guilty.','102'),(278,'Hasta que la boda nos separe',2018,'Daniel y María están a punto de casarse y tienen en mente una moderna boda en la playa. Pero sus familias tienen otros planes para la celebración.','971'),(279,'Red Tails',2012,'During World War II, the Civil Aeronautics Authority selects 13 black cadets to become part of an experimental program at the Tuskegee Institute in Alabama. The program aims at training \"colored personnel\" to become fighter pilots for the Army. However, discrimination, lack of institutional support and the racist belief that these men lacked the intelligence and aptitude for the job dog their every step. Despite this, the Tuskegee Airmen, as they become known, more than prove their worth.','518'),(280,'Alvin and the Chipmunks: Chipwrecked',2011,'Dave Seville (Jason Lee), the Chipmunks (Justin Long, Matthew Gray Gubler, Jesse McCartney) and the Chipettes are taking a luxury cruise to the International Music Awards. Of course, Alvin cannot resist the urge to create havoc, and the singing rodents soon find themselves marooned on a seemingly deserted island. While Dave and an unlikely ally launch a search, Alvin and company discover that they are not alone on the island, as they first thought.','521'),(281,'Killers',2010,'Three years after a fateful trip to the French Riviera, Jen (Katherine Heigl) enjoys the good life in suburbia with her handsome husband, Spencer (Ashton Kutcher). That comes crashing down, however, when gunfire rings out the morning after his 30th birthday. It turns out that Spencer has not been honest with Jen about his job; he\'s a deadly spy. Now she must learn to dodge bullets while keeping up an appearance of normalcy.','597'),(282,'Shutter Island',2010,'Un alguacil de los años cincuenta persigue a una asesina que escapó de un sanatorio en una isla remota, y hay pistas de hechos macabros cometidos en su interior.','536'),(283,'Shutter Island',2010,'The implausible escape of a brilliant murderess brings U.S. Marshal Teddy Daniels (Leonardo DiCaprio) and his new partner (Mark Ruffalo) to Ashecliffe Hospital, a fortress-like insane asylum located on a remote, windswept island. The woman appears to have vanished from a locked room, and there are hints of terrible deeds committed within the hospital walls. As the investigation deepens, Teddy realizes he will have to confront his own dark fears if he hopes to make it off the island alive.','531'),(284,'Harina',2018,'Un profesional de clase media intenta comprar alimentos en medio de una crisis económica y humanitaria, pero debe enfrentar un dilema moral.','524'),(285,'Goosebumps 2: Haunted Halloween',2018,'While collecting junk one day, best friends Sonny and Sam meet Slappy, a mischievous talking dummy from an unpublished \"Goosebumps\" book by R.L. Stine. Hoping to start his own family, Slappy kidnaps Sonny\'s mother and brings all of his ghoulish friends back to life -- just in time for Halloween. As the sleepy town becomes overrun with monsters, witches and other mysterious creatures, Sonny joins forces with his sister, Sam and a friendly neighbor to save mom and foil Slappy\'s wicked plan.','083'),(286,'Goosebumps 2: Haunted Halloween',2018,'While collecting junk one day, best friends Sonny and Sam meet Slappy, a mischievous talking dummy from an unpublished \"Goosebumps\" book by R.L. Stine. Hoping to start his own family, Slappy kidnaps Sonny\'s mother and brings all of his ghoulish friends back to life -- just in time for Halloween. As the sleepy town becomes overrun with monsters, witches and other mysterious creatures, Sonny joins forces with his sister, Sam and a friendly neighbor to save mom and foil Slappy\'s wicked plan.','632'),(287,'Life on the Line',2015,'A Texas lineman (John Travolta) and his crew risk their lives to keep the electrical grid running during a deadly storm.','537'),(288,'Sense and Sensibility',1995,'When Elinor Dashwood\'s (Emma Thompson) father dies, her family\'s finances are crippled. After the Dashwoods move to a cottage in Devonshire, Elinor\'s sister Marianne (Kate Winslet) is torn between the handsome John Willoughby (Greg Wise) and the older Colonel Brandon (Alan Rickman). Meanwhile, Elinor\'s romantic hopes with Edward Ferrars (Hugh Grant) are hindered due to his prior engagement. Both Elinor and Marianne strive for love while the circumstances in their lives constantly change.','620'),(289,'Leadbelly',1975,'A biography of Huddie Ledbetter (Roger E. Mosley), this drama follows the life of the highly influential African-American blues singer and guitarist, who was better known as \"Leadbelly.\" The trouble-prone musician frequently ended up working on chain gangs, and, when not incarcerated, he sometimes traveled around with fellow renowned blues man Blind Lemon Jefferson (Art Evans). The film shows how Leadbelly dealt with the racism of his era and found some degree of peace in his music.','623'),(290,'Inside Man',2006,'A tough detective (Denzel Washington) matches wits with a cunning bank robber (Clive Owen), as a tense hostage crisis is unfolding. Into the volatile situation comes a woman named Madaline (Jodie Foster), a mysterious power broker who has a hidden agenda and threatens to push a tense situation past the breaking point.','555'),(291,'American Wedding',2003,'Even though Jim (Jason Biggs) and Michelle (Alyson Hannigan) have been dating for several years, she\'s still surprised when he proposes to her in their favorite restaurant. After she happily agrees, Jim asks his best friends, Kevin (Thomas Ian Nicholas) and Paul (Eddie Kaye Thomas), to help him make sure the wedding goes as smoothly as possible. As the big day approaches, trouble arises when the trio learns their hard-partying friend, Stifler (Seann William Scott), is in town.','602'),(292,'What Lies Beneath',2000,'It had been a year since Dr. Norman Spencer (Harrison Ford) betrayed his beautiful wife Claire (Michelle Pfeiffer). But with Claire oblivious to the truth, Norman\'s life and marriage seem so perfect that when Claire tells him of hearing mysterious voices and seeing a young woman\'s image in their home, he dismisses her terror as delusion. Claire moves closer to the truth and it becomes clear that this apparition will not be dismissed, and has come back for Dr. Spencer and his beautiful wife.','557'),(293,'Locos por la Televisión',1958,'Un gerente quiere instalar una televisora en el hotel donde trabaja y toma escenas musicales de los huéspedes.','985'),(294,'Ausencia',2017,'Carmen Arriagada, una escritora chilena casada con un militar retirado, mantiene una relación por carta con un pintor.','982'),(295,'The Jackal',1997,'During an FBI raid on a Moscow nightclub, the brother of Russian gangster Terek Murad (David Hayman) is killed. Murad wants revenge and hires anonymous hit man the Jackal (Bruce Willis) to kill FBI Deputy Director Carter Preston (Sidney Poitier). With the help of Russian agent Valentina Koslova (Diane Venora), Preston finds the only man who knows what the notorious Jackal looks like, imprisoned IRA terrorist Declan Mulqueen (Richard Gere), and forces him to help hunt down the hit man.','583'),(296,'Live by Night',2016,'It\'s the Roaring `20s and Prohibition hasn\'t stopped the flow of booze in an underground network of gangster-run speakeasies. The opportunity to gain power and money is there for any man with enough ambition and nerve, and Joe Coughlin, the son of the Boston Police superintendent, long ago turned his back on his strict upbringing for the spoils of being an outlaw. But even among criminals there are rules, and Joe breaks a big one: crossing a powerful mob boss by stealing his money and his moll.','535'),(297,'The Last of the Mohicans',1992,'The last members of a dying Native American tribe, the Mohicans -- Uncas (Eric Schweig), his father Chingachgook (Russell Means), and his adopted half-white brother Hawkeye (Daniel Day-Lewis) -- live in peace alongside British colonists. But when the daughters (Madeleine Stowe, Jodhi May) of a British colonel are kidnapped by a traitorous scout, Hawkeye and Uncas must rescue them in the crossfire of a gruesome military conflict of which they wanted no part: the French and Indian War.','551'),(298,'Nutty Professor II: The Klumps',2000,'Professor Sherman Klump (Eddie Murphy) is getting married. And the Klump family could not be more delighted. His fiancee Denise (Janet Jackson) is thrilled to become a Klump, and with her appetite she\'ll fit right in. But Buddy Love ... well, Buddy is another matter.','029'),(299,'Nutty Professor II: The Klumps',2000,'Professor Sherman Klump (Eddie Murphy) is getting married. And the Klump family could not be more delighted. His fiancee Denise (Janet Jackson) is thrilled to become a Klump, and with her appetite she\'ll fit right in. But Buddy Love ... well, Buddy is another matter.','181'),(300,'Dharma',1973,'Sevak \'Dharma\' Singh is a notorious dacoit who tries to escape by boat. But his wife and son are hit by stray bullets fired by Inspector Ajit and they fall into the water. Dharma seeks revenge and kidnaps Ajit\'s daughter.','1532'),(301,'Mano de obra',2019,'Francisco y un grupo del albañiles buscan justicia tras la muerte de un compañero de trabajo. No solo exigen una indemnización justa, sino que además reclaman una vida con menos carencias y opresión.','524'),(302,'The Lovely Bones',2009,'After being brutally murdered, 14-year-old Susie Salmon (Saoirse Ronan) watches from heaven over her grief-stricken family (Mark Wahlberg, Rachel Weisz) -- and her killer (Stanley Tucci). As she observes their daily lives, she must balance her thirst for revenge with her desire for her family to heal.','540'),(303,'Ishtar',1987,'Booked in Marrakech, two New York singers (Warren Beatty, Dustin Hoffman) stop in Ishtar, meet a beautiful rebel (Isabelle Adjani) and alarm the CIA.','558'),(304,'That Thing You Do!',1996,'Wily band manager Mr. White helps a small town band achieve big time success when they release a Beatles-style pop song in 1964. Pennsylvania band the \"Oneders\" become a sensation after their drummer breaks his arm, and is replaced by jazz enthusiast, Guy Patterson, who injects something a bit different into their music.','520'),(305,'A Daughter\'s Revenge',2018,'Elle devises a terrifying plan to use her friend Anna, who will be released from jail soon, as the instrument of revenge on her stepfather.','076'),(306,'A Daughter\'s Revenge',2018,'Elle devises a terrifying plan to use her friend Anna, who will be released from jail soon, as the instrument of revenge on her stepfather.','630'),(307,'London Has Fallen',2016,'After the death of the British prime minister, the world\'s most powerful leaders gather in London to pay their respects. Without warning, terrorists unleash a devastating attack that leaves the city in chaos and ruins. Secret Service agent Mike Banning (Gerard Butler) springs into action to bring U.S. President Benjamin Asher (Aaron Eckhart) to safety. When Asher falls into the hands of the sinister organization, it\'s up to Banning to save his commander in chief from a horrible fate.','067'),(308,'London Has Fallen',2016,'After the death of the British prime minister, the world\'s most powerful leaders gather in London to pay their respects. Without warning, terrorists unleash a devastating attack that leaves the city in chaos and ruins. Secret Service agent Mike Banning (Gerard Butler) springs into action to bring U.S. President Benjamin Asher (Aaron Eckhart) to safety. When Asher falls into the hands of the sinister organization, it\'s up to Banning to save his commander in chief from a horrible fate.','103'),(309,'Christmas Wishes & Mistletoe Kisses',2019,'Weeks before Christmas, an interior designer is hired to decorate the estate of a wealthy businessman.','039'),(310,'Christmas Wishes & Mistletoe Kisses',2019,'Weeks before Christmas, an interior designer is hired to decorate the estate of a wealthy businessman.','123'),(311,'Keepers of the Light',2018,'The history of the Gay Head Lighthouse.','020'),(312,'Keepers of the Light',2018,'The history of the Gay Head Lighthouse.','1268'),(313,'Holiday for Heroes',2019,'After a year\'s worth of letters exchanged between Audrey Brown and soldier Matt Evans, their worlds collide for the first time off the page.','051'),(314,'Holiday for Heroes',2019,'After a year\'s worth of letters exchanged between Audrey Brown and soldier Matt Evans, their worlds collide for the first time off the page.','629'),(315,'A Christmas in Tennessee',2018,'A baker unites the people of her small mountain town to resist a real estate developer\'s plan to build a ski resort.','026'),(316,'A Christmas in Tennessee',2018,'A baker unites the people of her small mountain town to resist a real estate developer\'s plan to build a ski resort.','170'),(317,'Death Rides a Horse',1969,'Having witnessed the brutal murder of his entire family by bandits at the age of 5, Bill Meceita (John Phillip Law) has spent 15 years planning his vengeance. Finding a kindred spirit in Ryan (Lee Van Cleef), an experienced gunslinger seeking his own revenge on those who framed him, the two team up to find and kill Walcott (Luigi Pistilli), a fearsome bandit on the loose. But Bill soon discovers that Ryan may know more about his tragic past than he has let on.','633'),(318,'Karla y Katrina',2009,'Con la esperanza de reavivar su amistad, una adolescente invita a quien fue su mejor amiga a pasar el verano con ella. Sin embargo, el amor se interpone entre ellas y erosiona su amistad.','918'),(319,'Pandorum',2009,'Astronauts Payton (Dennis Quaid) and Bower (Ben Foster) awake in a hypersleep chamber with no memory of who they are or what their mission might be. While Payton stays behind to monitor the radio transmitter, Bower ventures out of the chamber into the seemingly abandoned spaceship. The men quickly realize that they are not alone and that the fate of mankind hinges on what they do next.','541'),(320,'Boyz N the Hood',1991,'Tre (Cuba Gooding Jr.) is sent to live with his father, Furious Styles (Larry Fishburne), in tough South Central Los Angeles. Although his hard-nosed father instills proper values and respect in him, and his devout girlfriend Brandi (Nia Long) teaches him about faith, Tre\'s friends Doughboy (Ice Cube) and Ricky (Morris Chestnut) don\'t have the same kind of support and are drawn into the neighborhood\'s booming drug and gang culture, with increasingly tragic results.','599'),(321,'Jumanji',1995,'La historia de un juego mágico que libera una estampida de peligros de la selva contra sus jugadores y un hombre que desapareció en 1969 mientras jugaba.','973'),(322,'Killerman',2019,'Moe Diamond is a New York City money launderer who wakes up with no memory and millions of dollars in stolen cash and drugs. He must soon scour the streets in search of answers while trying to dodge a crew of violent and crooked cops.','534'),(323,'Halcón Negro',1993,'Dos policías persiguen a un traficante de armas peligroso que deja un rastro de sangre a su paso.','972'),(324,'I Am Bolt',2016,'The career and the legacy of Jamaican runner Usain Bolt.','604'),(325,'Say It Isn\'t So',2001,'Boy (Chris Klein) meets girl (Heather Graham) ; boy falls in love (and had wild, non-stop sex) with girl; boy loses girl... when they discover they are brother and sister! But when he learns that he\'s the victim of the ultimate case of mistaken identity, the lovesick young man -- whom everyone still thinks is after some taboo thrills -- must race across the country to stop her from marrying another man.','522'),(326,'Suicide Kings',1997,'Avery (Henry Thomas), Max (Sean Patrick Flanery) and two friends (Jay Mohr, Jeremy Sisto), all wealthy men in their 20s, kidnap former Mafia boss Charlie (Christopher Walken) in an attempt to pay the $2 million ransom on the unrelated kidnapping of Avery\'s sister. Their plan runs into trouble at every turn, and, with the help of Charlie\'s psychological manipulation, the men begin to suspect that one or more among them was involved in the first kidnapping.','538'),(327,'While We\'re Young',2014,'Middle-aged filmmaker Josh Srebnick (Ben Stiller) and his wife, Cornelia (Naomi Watts), are happily married, but stuck in a rut. So, when free-spirited couple Jamie (Adam Driver) and Darby (Amanda Seyfried) enter their lives, it\'s like a breath of fresh air -- especially for Josh, who pines for a youth he wishes he had. Soon, Josh and Cornelia are ditching friends their own age to hang out with the hipsters -- but whether the friendship can endure despite a 20-year age gap remains to be seen.','552'),(328,'21 Bridges',2019,'After uncovering a massive conspiracy, an embattled NYPD detective joins a citywide manhunt for two young cop killers. As the night unfolds, he soon becomes unsure of who to pursue -- and who\'s in pursuit of him. When the search intensifies, authorities decide to take extreme measures by closing all of Manhattan\'s 21 bridges to prevent the suspects from escaping.','556'),(329,'Them That Follow',2019,'Inside a snake-handling church deep in Appalachia, a forbidden relationship forces a pastor\'s daughter to confront her community\'s deadly tradition.','572'),(330,'The Go-Go\'s',2020,'The Go-Go\'s become the first successful, all-girl band to write their own songs and play their own instruments while making it to No. 1 on the charts.','571'),(331,'The Favor',1994,'Best friends Kathy (Harley Jane Kozak) and Emily (Elizabeth McGovern) are having disparate relationship troubles. Kathy is growing bored with her comfortable married life with husband Peter (Bill Pullman) while Emily is tired of her unstable arrangement with drifter artist Elliott (Brad Pitt). When Kathy hears her old flame Tom (Ken Wahl) will be attending their high school reunion, she asks Emily to seduce him and see what she\'s missing out on. Predictably, this leads to a mess of new problems.','622'),(332,'Abraham Lincoln: Vampire Hunter',2012,'While still a boy, Abraham Lincoln loses his mother to a vampire\'s bite. He vows revenge, but fails in the attempt, narrowly escaping with his life. He is rescued by Henry (Dominic Cooper), a charismatic vampire hunter who instructs Abe in the fine art of dispatching bloodsuckers. Abe (Benjamin Walker) continues his fight against the undead well into adulthood and his presidency, making a last stand against the ultimate vampire foe (Rufus Sewell) on the eve of the Civil War\'s defining battle.','533'),(333,'Alien Nation',1988,'In Los Angeles circa 1991, humans live alongside extraterrestrial humanoid beings whose spaceship crash landed three years earlier. This coexistence is not always harmonious, as exemplified by segregated slums and the uneasy partnership of police detective Matthew Sykes (James Caan) with new humanoid partner Sam Francisco (Mandy Patinkin). However, the pair begin to overcome their differences as they investigate a slum drug ring led by the slippery William Harcourt (Terence Stamp).','598'),(334,'Jack and Jill',2011,'Thanksgiving is usually a happy time, but ad executive Jack (Adam Sandler) dreads the holiday because his twin sister, Jill (also Sandler), makes her annual visit. When Jack and his sister get off on the wrong foot, the only way to make it right is to invite her to stay through Hanukkah. But, when actor Al Pacino (Al Pacino), whom Jack desperately needs to star in a commercial, takes a shine to Jill, Jack may be forced to extend his sister\'s visit even longer.','586'),(335,'Wheely',2018,'In a world where cars are citizens, an underdog cabbie named Wheely tries to become king of the road of Gasket City.','608'),(336,'Good Boys',2019,'Invited to his first kissing party, 12-year-old Max asks his best friends Lucas and Thor for some much-needed help on how to pucker up. When they hit a dead end, Max decides to use his father\'s drone to spy on the teenage girls next door. When the boys lose the drone, they skip school and hatch a plan to retrieve it before Max\'s dad can figure out what happened.','515'),(337,'Black Hawk Down',2001,'The film takes place in 1993 when the U.S. sent special forces into Somalia to destabilize the government and bring food and humanitarian aid to the starving population. Using Black Hawk helicopters to lower the soldiers onto the ground, an unexpected attack by Somalian forces brings two of the helicopters down immediately. From there, the U.S. soldiers must struggle to regain their balance while enduring heavy gunfire.','605'),(338,'Three Kings',1999,'Just after the end of the Gulf War, four American soldiers decide to steal a cache of Saddam Hussein\'s hidden gold. Led by cynical Sergeant Major Archie Gates (George Clooney), three of the men are rescued by rebels, but Sergeant Troy Barlow (Mark Wahlberg) is captured and tortured by Iraqi intelligence. The Iraqi rebels beg for the American trio to help fight against the impending arrival of Hussein\'s Elite Guard. The men agree to fight in return for help rescuing Troy.','596'),(339,'Monkey Kingdom',2015,'In South Asia, Maya the monkey and her son Kip struggle to survive within the competitive social hierarchy of the troop at Castle Rock. When neighboring monkeys take over their home, Maya\'s whole troop is forced to relocate. She uses her ingenuity to lead the members of her extended family to untapped resources amid strange new creatures and unfamiliar surroundings. Ultimately, the entire troop must work together to reclaim Castle Rock, where Maya hopes her son will have a bright future.','584'),(340,'Midway',2019,'Una flota estadounidense que se encuentra en desventaja se enfrenta a la Armada Imperial Japonesa en la Batalla de Midway: una de las batallas más importantes y decisivas de la Segunda Guerra Mundial.','517'),(341,'Midway',2019,'On Dec. 7, 1941, Japanese forces launch a devastating attack on Pearl Harbor, the U.S. naval base in Hawaii. Six months later, the Battle of Midway commences on June 4, 1942, as the Japanese navy once again plans a strike against American ships in the Pacific. For the next three days, the U.S. Navy and a squad of brave fighter pilots engage the enemy in one of the most important and decisive battles of World War II.','511'),(342,'Awakenings',1990,'The story of a doctor\'s extraordinary work in the Sixties with a group of catatonic patients he finds languishing in a Bronx hospital. Speculating that their rigidity may be akin to an extreme form of Parkinsonism, he seeks permission from his skeptical superiors to treat them with L-dopa, a drug that was used to treat Parkinson\'s disease at the time.','609'),(343,'Spider-Man 2',2004,'When a failed nuclear fusion experiment results in an explosion that kills his wife, Dr. Otto Octavius (Alfred Molina) is transformed into Dr. Octopus, a cyborg with deadly metal tentacles. Doc Ock blames Spider-Man (Tobey Maguire) for the accident and seeks revenge. Meanwhile, Spidey\'s alter ego, Peter Parker, faces fading powers and self-doubt. Complicating matters are his best friend\'s (James Franco) hatred for Spider-Man and his true love\'s (Kirsten Dunst) sudden engagement to another man.','603'),(344,'Hellboy',2004,'At the end of World War II, the Nazis attempt to open a portal to a paranormal dimension in order to defeat the Allies, but are only able to summon a baby demon who is rescued by Allied forces and dubbed \"Hellboy\" (Ron Perlman). Sixty years later, Hellboy serves as an agent in the Bureau of Paranormal Research and Defense, where he, aided by Abe Sapien (Doug Jones), a merman with psychic powers, and Liz Sherman (Selma Blair), a woman with pyrokinesis, protects America against dark forces.','581'),(345,'Man of the East',1972,'A dude (Terence Hill) arrives from New England with books and a bicycle, ready to claim his father\'s rowdy ranch.','640'),(346,'Gigli',2003,'Gigli (Ben Affleck) is ordered to kidnap the psychologically challenged younger brother of a powerful federal prosecutor. When plans go awry, Gigli\'s boss sends in Ricki (Jennifer Lopez), a gorgeous free-spirited female gangster who has her own set of orders to assist with the kidnapping. But Gigli begins falling for the decidedly unavailable Ricki, which could be a hazard to his occupation.','606'),(347,'Skyscraper',2018,'Will Sawyer is a former FBI agent and U.S. war veteran who now assesses security for skyscrapers. While he\'s on assignment in China, the world\'s tallest and safest building catches on fire -- and Will gets framed for it. Now a wanted man and on the run, he must find those responsible, clear his name and somehow rescue his family members when they become trapped inside the inferno.','091'),(348,'Skyscraper',2018,'Will Sawyer is a former FBI agent and U.S. war veteran who now assesses security for skyscrapers. While he\'s on assignment in China, the world\'s tallest and safest building catches on fire -- and Will gets framed for it. Now a wanted man and on the run, he must find those responsible, clear his name and somehow rescue his family members when they become trapped inside the inferno.','109'),(349,'LOL',2012,'In a world where connections via Facebook, Twitter and other social media networks are the norm, high-school student Lola (Miley Cyrus) is trying to navigate her way through the usual teen pressures of romance, friendship and overprotective parents (Demi Moore, Thomas Jane). Broken-hearted by a break-up with her boyfriend, Lola\'s world turns upside-down when she realizes that her best friend, Kyle (Douglas Booth), could actually be the love of her life.','539'),(350,'A Bug\'s Life',1998,'Flik (Dave Foley) is an inventive ant who\'s always messing things up for his colony. His latest mishap was destroying the food stores that were supposed to be used to pay off grasshopper Hopper (Kevin Spacey). Now the strong-arming insect is demanding that the ants gather double the food -- or face annihilation. To avert disaster, Flik goes on a journey to recruit fighters to defend the colony. When he meets a band of high-flying circus insects, he thinks he\'s found his salvation.','037'),(351,'A Bug\'s Life',1998,'Flik (Dave Foley) is an inventive ant who\'s always messing things up for his colony. His latest mishap was destroying the food stores that were supposed to be used to pay off grasshopper Hopper (Kevin Spacey). Now the strong-arming insect is demanding that the ants gather double the food -- or face annihilation. To avert disaster, Flik goes on a journey to recruit fighters to defend the colony. When he meets a band of high-flying circus insects, he thinks he\'s found his salvation.','122'),(352,'Anna',2019,'Beneath a woman\'s striking beauty lies a secret that will unleash her indelible strength and skill to become one of the most feared assassins on the planet.','532'),(353,'Elephant Kingdom',2016,'A brave elephant asks a courageous troop of young elephants to help him rescue his wife from a human.','514'),(354,'Tom and Jerry: Shiver Me Whiskers',2006,'A cat and a mouse must outsmart a band of pirates to find buried treasure.','920'),(355,'The Green Mile',1999,'Paul Edgecomb (Tom Hanks) walked the mile with a variety of cons. He had never encountered someone like John Coffey (Michael Clarke Duncan), a massive black man convicted of brutally killing a pair of young sisters. Coffey had the size and strength to kill anyone, but not the demeanor. Beyond his simple, naive nature and a deathly fear of the dark, Coffey seemed to possess a prodigious, supernatural gift. Paul began to question whether Coffey was truly guilty of murdering the two girls.','063'),(356,'The Green Mile',1999,'Paul Edgecomb (Tom Hanks) walked the mile with a variety of cons. He had never encountered someone like John Coffey (Michael Clarke Duncan), a massive black man convicted of brutally killing a pair of young sisters. Coffey had the size and strength to kill anyone, but not the demeanor. Beyond his simple, naive nature and a deathly fear of the dark, Coffey seemed to possess a prodigious, supernatural gift. Paul began to question whether Coffey was truly guilty of murdering the two girls.','105'),(357,'Tom and Jerry: Shiver Me Whiskers',2006,'A cat and a mouse must outsmart a band of pirates to find buried treasure.','253'),(358,'Saving Private Ryan',1998,'Captain John Miller (Tom Hanks) takes his men behind enemy lines to find Private James Ryan, whose three brothers have been killed in combat. Surrounded by the brutal realties of war, while searching for Ryan, each man embarks upon a personal journey and discovers their own strength to triumph over an uncertain future with honor, decency and courage.','069'),(359,'Saving Private Ryan',1998,'Captain John Miller (Tom Hanks) takes his men behind enemy lines to find Private James Ryan, whose three brothers have been killed in combat. Surrounded by the brutal realties of war, while searching for Ryan, each man embarks upon a personal journey and discovers their own strength to triumph over an uncertain future with honor, decency and courage.','116'),(360,'Rio',2011,'Captured by smugglers when he was just a hatchling, a macaw named Blu (Jesse Eisenberg) never learned to fly and lives a happily domesticated life in Minnesota with his human friend, Linda. Blu is thought to be the last of his kind, but when word comes that Jewel (Anne Hathaway), a lone female, lives in Rio de Janeiro, Blu and Linda go to meet her. Animal smugglers kidnap Blu and Jewel, but the pair soon escape and begin a perilous adventure back to freedom -- and Linda.','262');
/*!40000 ALTER TABLE `tv_movie` ENABLE KEYS */;
UNLOCK TABLES;

--
-- Table structure for table `tv_movie_genre`
--

DROP TABLE IF EXISTS `tv_movie_genre`;
/*!40101 SET @saved_cs_client     = @@character_set_client */;
/*!40101 SET character_set_client = utf8 */;
CREATE TABLE `tv_movie_genre` (
  `tv_movie_id` int(11) NOT NULL,
  `genre_id` int(11) NOT NULL,
  PRIMARY KEY (`tv_movie_id`,`genre_id`),
  KEY `genre_id` (`genre_id`),
  CONSTRAINT `tv_movie_genre_ibfk_1` FOREIGN KEY (`tv_movie_id`) REFERENCES `tv_movie` (`id`),
  CONSTRAINT `tv_movie_genre_ibfk_2` FOREIGN KEY (`genre_id`) REFERENCES `genre` (`id`)
) ENGINE=InnoDB DEFAULT CHARSET=latin1;
/*!40101 SET character_set_client = @saved_cs_client */;

--
-- Dumping data for table `tv_movie_genre`
--

LOCK TABLES `tv_movie_genre` WRITE;
/*!40000 ALTER TABLE `tv_movie_genre` DISABLE KEYS */;
INSERT INTO `tv_movie_genre` VALUES (1,1),(1,2),(1,3),(1,4),(2,3),(2,4),(2,5),(3,6),(4,5),(4,7),(5,5),(5,7),(6,5),(6,8),(7,3),(7,5),(7,9),(8,1),(9,10),(10,10),(11,3),(11,11),(11,12),(11,13),(12,7),(12,14),(13,8),(14,8),(14,15),(15,7),(15,16),(16,11),(16,13),(17,6),(18,6),(19,6),(20,6),(21,1),(21,4),(22,17),(22,18),(22,19),(22,20),(23,8),(23,18),(23,21),(23,22),(24,3),(24,11),(24,13),(24,23),(25,8),(26,11),(26,13),(27,24),(28,7),(28,16),(29,5),(29,11),(30,24),(31,11),(32,8),(33,17),(34,7),(34,14),(35,8),(36,7),(36,14),(36,25),(37,3),(37,8),(38,11),(39,24),(40,24),(41,24),(42,7),(42,24),(43,3),(43,5),(43,9),(43,12),(44,3),(44,5),(44,9),(44,12),(45,5),(45,24),(46,5),(46,24),(47,15),(47,24),(48,5),(48,7),(49,7),(49,24),(50,16),(51,16),(52,6),(53,12),(53,13),(53,23),(54,24),(55,7),(55,14),(56,6),(57,4),(57,24),(58,3),(58,4),(58,13),(58,23),(59,6),(60,9),(61,16),(62,16),(63,7),(63,24),(64,15),(64,26),(65,11),(66,11),(67,4),(67,5),(67,8),(68,4),(68,5),(68,8),(69,11),(70,7),(71,24),(71,27),(72,16),(73,24),(74,5),(75,24),(76,3),(77,28),(78,11),(79,17),(80,24),(81,1),(81,4),(82,25),(83,3),(83,5),(83,9),(84,3),(84,5),(85,24),(86,24),(87,1),(87,4),(88,1),(88,4),(89,24),(90,3),(90,5),(90,11),(91,24),(91,26),(92,24),(93,24),(94,5),(95,24),(96,6),(96,29),(97,6),(97,29),(98,15),(98,24),(98,29),(99,15),(99,24),(99,29),(100,15),(100,29),(101,15),(101,29),(102,24),(103,3),(103,11),(103,13),(103,23),(104,7),(104,9),(104,24),(105,3),(105,12),(106,24),(107,6),(108,11),(108,12),(109,28),(110,5),(110,11),(111,11),(112,4),(113,3),(113,11),(113,23),(114,3),(114,5),(114,11),(114,12),(115,7),(116,3),(116,5),(116,9),(116,12),(117,3),(117,5),(117,9),(117,12),(118,11),(118,13),(119,11),(119,13),(120,5),(120,7),(120,14),(121,3),(121,5),(121,11),(122,24),(123,8),(123,15),(124,24),(125,11),(125,12),(125,13),(125,23),(126,11),(127,3),(127,11),(127,13),(127,23),(128,1),(128,4),(129,2),(129,24),(129,26),(130,24),(131,2),(131,24),(132,5),(132,11),(133,7),(133,12),(133,16),(134,14),(134,16),(134,24),(135,11),(135,13),(136,15),(136,24),(137,9),(138,7),(138,24),(139,14),(139,24),(140,8),(141,7),(142,24),(143,5),(144,3),(144,5),(144,12),(144,14),(144,24),(145,3),(145,5),(145,12),(145,14),(145,24),(146,11),(147,5),(147,7),(148,5),(148,7),(149,15),(149,24),(150,8),(151,11),(151,13),(151,23),(152,11),(153,11),(153,16),(154,28),(155,5),(155,9),(155,16),(156,11),(157,6),(158,5),(159,7),(160,7),(160,16),(161,28),(162,11),(163,11),(164,24),(165,8),(166,16),(167,16),(168,3),(168,11),(168,13),(168,23),(169,11),(170,11),(171,11),(172,11),(173,1),(173,4),(174,8),(175,1),(175,2),(175,4),(176,8),(176,18),(176,21),(176,22),(177,4),(177,8),(178,9),(179,7),(179,16),(180,24),(181,26),(182,15),(183,16),(184,14),(184,28),(185,24),(186,7),(186,16),(187,14),(188,5),(189,24),(190,8),(191,8),(192,7),(192,16),(193,7),(194,7),(195,5),(195,11),(196,5),(196,11),(197,3),(197,5),(197,9),(198,3),(198,5),(198,9),(199,6),(199,29),(200,6),(200,29),(201,5),(201,11),(202,24),(202,29),(203,24),(203,29),(204,15),(204,29),(205,15),(205,29),(206,11),(207,3),(207,11),(207,13),(207,29),(208,7),(208,24),(209,24),(210,8),(210,15),(210,26),(211,7),(211,24),(212,11),(212,14),(213,11),(214,11),(214,13),(214,23),(215,12),(215,13),(215,23),(216,7),(216,14),(217,6),(218,11),(219,24),(220,28),(221,17),(222,17),(223,1),(223,4),(223,5),(224,1),(224,4),(224,5),(225,24),(226,11),(227,7),(227,11),(228,7),(229,7),(229,28),(230,24),(231,11),(232,5),(232,11),(233,7),(234,5),(234,9),(235,24),(236,5),(237,5),(238,11),(238,13),(239,11),(240,3),(240,5),(240,9),(241,27),(242,7),(242,16),(243,24),(244,3),(244,5),(244,9),(245,5),(245,7),(246,5),(246,7),(247,8),(248,24),(249,24),(250,24),(251,2),(251,4),(251,24),(252,2),(252,4),(252,24),(253,13),(253,23),(253,26),(254,13),(254,23),(254,26),(255,5),(255,11),(256,5),(256,7),(256,24),(257,24),(258,24),(258,26),(259,5),(260,11),(260,12),(261,12),(262,3),(262,11),(262,13),(263,3),(263,11),(263,13),(264,24),(265,24),(266,11),(267,24),(268,7),(269,3),(269,5),(270,1),(270,3),(270,12),(271,1),(271,3),(271,12),(272,5),(272,11),(273,5),(273,11),(274,11),(274,13),(275,2),(275,5),(275,30),(276,5),(276,7),(277,5),(277,7),(278,11),(279,1),(279,4),(280,3),(280,11),(280,13),(280,23),(281,5),(281,11),(282,7),(282,14),(282,24),(283,7),(283,14),(283,24),(284,24),(285,3),(285,11),(285,12),(285,29),(286,3),(286,11),(286,12),(286,29),(287,5),(287,7),(287,24),(288,8),(288,15),(289,2),(290,7),(290,28),(291,11),(292,7),(292,16),(292,24),(293,11),(294,24),(295,5),(295,7),(296,7),(296,28),(297,1),(297,3),(297,4),(297,15),(298,11),(299,11),(300,5),(300,8),(301,24),(302,14),(302,24),(303,11),(304,8),(305,7),(306,7),(307,5),(307,7),(308,5),(308,7),(309,15),(309,29),(310,15),(310,29),(311,17),(312,17),(313,15),(313,29),(314,15),(314,29),(315,24),(315,29),(316,24),(316,29),(317,27),(318,3),(319,5),(319,9),(319,16),(320,24),(321,3),(321,12),(321,13),(322,5),(322,7),(322,28),(323,28),(324,17),(325,11),(326,11),(326,28),(327,8),(328,5),(328,7),(328,28),(329,7),(329,24),(330,17),(330,18),(330,21),(330,31),(331,6),(332,5),(332,7),(332,16),(333,9),(334,11),(335,3),(335,11),(335,13),(335,23),(336,11),(337,4),(337,24),(338,4),(338,8),(339,17),(340,1),(340,4),(341,1),(341,4),(342,24),(343,3),(343,5),(343,12),(344,5),(344,9),(344,12),(345,11),(345,27),(346,6),(347,5),(347,7),(348,5),(348,7),(349,8),(350,3),(350,11),(350,13),(350,23),(351,3),(351,11),(351,13),(351,23),(352,5),(352,7),(353,3),(353,23),(354,3),(354,11),(354,13),(354,23),(355,12),(355,24),(356,12),(356,24),(357,3),(357,11),(357,13),(357,23),(358,1),(358,4),(359,1),(359,4),(360,3),(360,11),(360,13),(360,23),(360,26);
/*!40000 ALTER TABLE `tv_movie_genre` ENABLE KEYS */;
UNLOCK TABLES;
/*!40103 SET TIME_ZONE=@OLD_TIME_ZONE */;

/*!40101 SET SQL_MODE=@OLD_SQL_MODE */;
/*!40014 SET FOREIGN_KEY_CHECKS=@OLD_FOREIGN_KEY_CHECKS */;
/*!40014 SET UNIQUE_CHECKS=@OLD_UNIQUE_CHECKS */;
/*!40101 SET CHARACTER_SET_CLIENT=@OLD_CHARACTER_SET_CLIENT */;
/*!40101 SET CHARACTER_SET_RESULTS=@OLD_CHARACTER_SET_RESULTS */;
/*!40101 SET COLLATION_CONNECTION=@OLD_COLLATION_CONNECTION */;
/*!40111 SET SQL_NOTES=@OLD_SQL_NOTES */;

-- Dump completed on 2020-11-11 21:49:42
